date,high,low,close
1999-11-01,98.8100,96.3700,96.7500
1999-11-02,96.8100,93.6900,94.8100
1999-11-03,95.9400,93.5000,94.3700
1999-11-04,94.4400,90.0000,91.5600
1999-11-05,92.9400,90.1900,90.2500
1999-11-08,93.9400,90.5000,93.9400
1999-11-09,95.5000,92.1200,93.6200
1999-11-10,97.0600,94.1200,97.0000
1999-11-11,97.5000,94.8700,95.0000
1999-11-12,96.2500,93.0000,95.8700
1999-11-15,96.3700,93.8700,94.0600
1999-11-16,95.0000,93.0000,94.6200
1999-11-17,94.8700,92.6200,93.7500
1999-11-18,98.2500,93.5600,98.0000
1999-11-19,105.1200,98.3700,103.9400
1999-11-22,108.4400,104.4400,107.8700
1999-11-23,109.8700,106.0000,106.0600
1999-11-24,105.0000,101.8100,104.5000
1999-11-26,106.0000,104.1200,105.0000
1999-11-29,104.9400,103.3700,104.1900
1999-11-30,104.5000,102.1200,103.0600
1999-12-01,104.4400,102.2500,103.4200
1999-12-02,106.3100,103.3700,105.2700
1999-12-03,112.8700,107.9400,111.8700
1999-12-06,116.5000,112.5000,116.0000
1999-12-07,119.1900,115.4400,116.6200
1999-12-08,121.0000,115.5000,118.2800
1999-12-09,122.1200,112.2500,113.3700
1999-12-10,111.9400,107.5600,109.0000
1999-12-13,112.7500,106.5600,109.7000
1999-12-14,110.1900,106.8700,109.2500
1999-12-15,107.9400,104.5000,107.0000
1999-12-16,109.6900,105.7500,109.1900
1999-12-17,111.0600,108.6200,110.0000
1999-12-20,110.4400,107.7500,109.2000
1999-12-21,110.1200,108.0600,110.1200
1999-12-22,110.3100,108.0000,108.0000
1999-12-23,110.4400,108.1900,108.6200
1999-12-27,110.0000,108.1200,109.7500
1999-12-28,110.7500,109.0600,109.8100
1999-12-29,110.5000,108.7500,109.0000
1999-12-30,110.5000,108.5600,108.7500
1999-12-31,109.5000,106.6200,107.8700
2000-01-03,116.0000,111.8700,116.0000
2000-01-04,114.5000,110.8700,112.0600
2000-01-05,119.7500,112.1200,116.0000
2000-01-06,118.9400,113.5000,114.0000
2000-01-07,117.9400,110.6200,113.5000
2000-01-10,119.3700,115.3700,118.0000
2000-01-11,121.1200,116.6200,119.0000
2000-01-12,122.0000,118.2500,119.5000
2000-01-13,121.0000,115.7500,118.2500
2000-01-14,123.3100,117.5000,119.6200
2000-01-18,119.7500,115.0000,115.7500
2000-01-19,122.0000,112.6900,119.5000
2000-01-20,124.7500,119.0000,119.0000
2000-01-21,123.0000,119.9400,121.5000
2000-01-24,122.8700,116.5600,121.5000
2000-01-25,119.5000,116.0000,119.1200
2000-01-26,119.9400,116.0000,116.7500
2000-01-27,118.4400,111.6200,113.5000
2000-01-28,114.1900,110.0600,111.5600
2000-01-31,112.8100,109.6200,112.2500
2000-02-01,113.4400,109.1200,110.0000
2000-02-02,115.8100,110.3700,113.5000
2000-02-03,117.5000,114.0600,117.1200
2000-02-04,118.4400,114.8100,115.6200
2000-02-07,116.8700,113.1200,114.1200
2000-02-08,119.0000,116.1900,118.8100
2000-02-09,119.7500,117.0000,117.3700
2000-02-10,119.1200,116.8700,119.1200
2000-02-11,119.4400,114.5600,115.3700
2000-02-14,116.3700,114.5000,116.0600
2000-02-15,117.4400,113.8700,117.1200
2000-02-16,117.3100,115.2500,115.7500
2000-02-17,118.8700,115.7500,116.7500
2000-02-18,115.9400,111.5000,112.5000
2000-02-22,113.4400,108.7500,111.0000
2000-02-23,110.5000,108.5000,108.7500
2000-02-24,111.0000,108.1900,110.5000
2000-02-25,109.8700,104.9400,108.0000
2000-02-28,106.5000,103.9400,104.5000
2000-02-29,105.5600,100.9400,102.7500
2000-03-01,105.5000,100.0600,100.2500
2000-03-02,105.4400,99.5000,103.1200
2000-03-03,110.0000,106.0600,108.0000
2000-03-06,111.0000,101.0000,103.0600
2000-03-07,107.0000,101.6900,103.0000
2000-03-08,106.8700,102.7500,106.2500
2000-03-09,108.0000,104.1200,108.0000
2000-03-10,109.0000,105.0000,105.2500
2000-03-13,109.0000,102.5000,107.6900
2000-03-14,110.0000,107.3700,108.6200
2000-03-15,108.2500,106.1200,107.0000
2000-03-16,109.8100,107.8700,109.0000
2000-03-17,111.6900,107.6900,110.0000
2000-03-20,113.3700,109.9400,112.7500
2000-03-21,114.6900,111.9400,113.5000
2000-03-22,115.3700,113.8700,114.2500
2000-03-23,115.8700,111.6200,115.2500
2000-03-24,122.2500,115.0600,120.6200
2000-03-27,128.2500,124.6200,126.8700
2000-03-28,127.0000,122.0600,122.5000
2000-03-29,122.4400,118.5000,119.0000
2000-03-30,123.0000,118.6900,122.7500
2000-03-31,123.7500,117.0600,118.3700
2000-04-03,122.3700,119.4400,122.0000
2000-04-04,126.9400,115.0600,121.1900
2000-04-05,125.7500,119.7500,125.0000
2000-04-06,128.0000,122.6200,122.7500
2000-04-07,125.6900,121.5000,123.1200
2000-04-10,125.3700,121.5600,122.1200
2000-04-11,121.6200,117.8100,119.3700
2000-04-12,119.6200,111.6900,113.7500
2000-04-13,114.3100,110.0000,110.6200
2000-04-14,112.7500,102.8700,105.0000
2000-04-17,112.2500,103.3100,111.8700
2000-04-18,115.1200,110.0600,111.5000
2000-04-19,109.7500,102.8100,105.0000
2000-04-20,105.2500,102.0600,104.0000
2000-04-24,107.1900,101.2500,106.5000
2000-04-25,113.0000,106.4400,112.5000
2000-04-26,113.9400,109.0000,110.5000
2000-04-27,113.1200,108.6900,110.6200
2000-04-28,112.6900,110.1200,111.5000
2000-05-01,113.1900,110.4400,112.0000
2000-05-02,113.6200,110.6900,111.3700
2000-05-03,111.1200,106.5600,108.1200
2000-05-04,109.1900,107.1900,107.6200
2000-05-05,109.6200,106.5000,107.8700
2000-05-08,110.3700,107.6200,109.7500
2000-05-09,110.6200,108.2500,109.0000
2000-05-10,105.6900,102.0600,103.0000
2000-05-11,107.5000,103.1900,104.4400
2000-05-12,105.7500,103.2500,104.4400
2000-05-15,104.8700,102.0000,104.1900
2000-05-16,109.2500,105.0000,109.0000
2000-05-17,108.8700,106.1200,107.8700
2000-05-18,107.3100,104.6900,106.0600
2000-05-19,107.5000,105.0000,106.4400
2000-05-22,109.2500,103.4400,109.2500
2000-05-23,110.0000,107.1200,107.3700
2000-05-24,110.0000,104.1900,109.6200
2000-05-25,112.2500,106.3700,106.5000
2000-05-26,107.1900,104.5600,106.9400
2000-05-30,111.0000,107.6900,110.9400
2000-05-31,110.7500,107.1900,107.3100
2000-06-01,108.9400,105.5000,106.0000
2000-06-02,109.7500,107.6200,108.8100
2000-06-05,114.1900,108.4400,112.8100
2000-06-06,114.6200,111.2500,112.3700
2000-06-07,121.7500,111.5000,121.0000
2000-06-08,122.3100,117.5000,119.7500
2000-06-09,120.7500,118.8700,119.6900
2000-06-12,120.4400,118.8400,118.8400
2000-06-13,119.9400,116.7500,119.3100
2000-06-14,120.0000,115.5000,116.0000
2000-06-15,119.0000,115.8700,116.8100
2000-06-16,117.6900,113.2500,113.2500
2000-06-19,120.3700,113.2500,120.3700
2000-06-20,120.6900,115.3700,116.3700
2000-06-21,115.9400,113.5000,114.5000
2000-06-22,114.3100,111.2500,111.8100
2000-06-23,113.6200,110.8100,111.8700
2000-06-26,115.7500,112.8700,114.4100
2000-06-27,112.8100,108.7500,109.7500
2000-06-28,115.1900,109.8700,113.7800
2000-06-29,114.3700,110.0600,114.0000
2000-06-30,113.1900,108.6200,109.5600
2000-07-03,109.8700,108.3100,109.5000
2000-07-05,105.6200,101.1200,105.0000
2000-07-06,105.1200,100.0000,101.2500
2000-07-07,105.0600,101.6200,105.0600
2000-07-10,104.9400,102.8700,103.3100
2000-07-11,104.0000,101.0000,102.0000
2000-07-12,105.8700,102.6200,104.6200
2000-07-13,105.9400,102.0000,104.0000
2000-07-14,104.8700,103.1200,103.9400
2000-07-17,107.8700,104.1900,105.5000
2000-07-18,104.8100,102.6200,103.3100
2000-07-19,109.5000,101.0000,108.7500
2000-07-20,117.8100,111.7500,117.2500
2000-07-21,117.0000,113.7500,114.7500
2000-07-24,115.6200,111.6200,112.5000
2000-07-25,113.3700,110.2500,112.0000
2000-07-26,112.3700,108.8700,109.8700
2000-07-27,111.5000,109.3100,110.3100
2000-07-28,112.5000,108.8700,111.8100
2000-07-31,113.6900,110.0600,112.2500
2000-08-01,112.4400,110.2500,110.5000
2000-08-02,114.8700,110.7500,114.2500
2000-08-03,116.5000,112.3100,116.0000
2000-08-04,116.5000,114.3100,115.8700
2000-08-07,119.0000,115.8100,116.3100
2000-08-08,119.6200,115.5600,118.8700
2000-08-09,120.8100,118.7500,118.7500
2000-08-10,120.2500,117.8700,119.7500
2000-08-11,121.8100,119.1900,120.6200
2000-08-14,123.6900,119.3100,123.2500
2000-08-15,122.6200,120.7500,122.0000
2000-08-16,122.9400,119.5000,122.3700
2000-08-17,122.8100,119.5000,122.5000
2000-08-18,123.3700,120.1200,120.4400
2000-08-21,122.1900,120.0600,121.4400
2000-08-22,122.1900,121.0000,121.3700
2000-08-23,123.7500,119.8700,123.2500
2000-08-24,125.4400,122.6900,124.8100
2000-08-25,129.8800,124.2500,129.0000
2000-08-28,133.1900,129.7500,131.5000
2000-08-29,134.2500,131.0000,132.8800
2000-08-30,131.5000,129.5600,130.3100
2000-08-31,134.1900,131.6300,132.0200
2000-09-01,134.9400,132.6300,133.6300
2000-09-05,133.3100,130.8100,131.1900
2000-09-06,134.8800,130.3800,131.4400
2000-09-07,134.5000,131.8800,133.3800
2000-09-08,132.9400,129.3800,129.5000
2000-09-11,128.2500,123.6200,124.5000
2000-09-12,126.8700,124.0600,125.0000
2000-09-13,128.8100,122.7500,127.6900
2000-09-14,129.1900,126.3100,126.8700
2000-09-15,127.2500,124.7500,125.0000
2000-09-18,126.0000,123.0600,123.2500
2000-09-19,126.2500,122.5600,124.9400
2000-09-20,126.5600,123.5000,124.7500
2000-09-21,126.6900,120.0000,121.5000
2000-09-22,124.3100,121.3100,123.8700
2000-09-25,126.6200,121.0000,123.0000
2000-09-26,121.8700,118.3700,119.1200
2000-09-27,120.3100,115.5000,118.0000
2000-09-28,118.8700,115.0000,115.2500
2000-09-29,116.9400,110.2500,112.6200
2000-10-02,119.6200,112.6200,117.8100
2000-10-03,119.3700,110.0000,110.5600
2000-10-04,114.8700,108.5600,114.3700
2000-10-05,114.5600,111.5600,113.1900
2000-10-06,116.1200,112.7500,116.0000
2000-10-09,119.3700,114.3100,117.9400
2000-10-10,117.1200,112.4400,114.8700
2000-10-11,112.9400,107.5000,112.0000
2000-10-12,114.3700,103.1200,103.1200
2000-10-13,110.4400,104.1900,109.0600
2000-10-16,113.1200,108.5600,111.1200
2000-10-17,113.8700,108.5600,113.0000
2000-10-18,99.1200,90.2500,95.4400
2000-10-19,98.5000,92.6900,96.4400
2000-10-20,96.2500,94.1900,94.7500
2000-10-23,95.0000,91.0600,92.8700
2000-10-24,94.3700,90.1900,91.4400
2000-10-25,90.9400,86.9400,87.5600
2000-10-26,92.8700,87.6200,92.7500
2000-10-27,93.6900,91.0000,93.6900
2000-10-30,93.7500,90.3100,93.3100
2000-10-31,99.1200,93.7500,98.5000
2000-11-01,99.8700,97.2500,98.5600
2000-11-02,102.3100,98.5000,101.9400
2000-11-03,102.6200,99.3700,100.1200
2000-11-06,102.3700,99.4400,100.3100
2000-11-07,103.5000,100.6900,102.3100
2000-11-08,103.7500,99.2500,100.0000
2000-11-09,100.0000,95.6900,99.4400
2000-11-10,98.3700,93.0000,93.0000
2000-11-13,99.4400,91.6200,97.4400
2000-11-14,99.8700,98.5000,99.5000
2000-11-15,100.0600,97.6200,99.3700
2000-11-16,99.6900,98.2500,98.2500
2000-11-17,102.5000,98.2500,101.9400
2000-11-20,103.2500,100.8700,103.2500
2000-11-21,104.3700,98.5000,98.5000
2000-11-22,100.8100,98.3100,98.5000
2000-11-24,101.7500,99.2500,99.9400
2000-11-27,102.0000,98.4400,98.4400
2000-11-28,100.7500,97.3700,97.8700
2000-11-29,99.9400,96.6900,99.8100
2000-11-30,98.0000,92.2500,93.5000
2000-12-01,99.3100,94.3700,95.6200
2000-12-04,99.1900,95.7500,98.3700
2000-12-05,104.7500,99.6200,103.3700
2000-12-06,101.8100,94.8100,96.7500
2000-12-07,95.9400,93.1200,93.1200
2000-12-08,99.0000,95.7500,97.0000
2000-12-11,98.2500,93.7500,95.0000
2000-12-12,96.1200,92.5000,93.8700
2000-12-13,96.6200,90.6900,91.2500
2000-12-14,93.6900,91.8100,92.4400
2000-12-15,90.6900,87.3100,87.8100
2000-12-18,90.5000,88.3700,90.5000
2000-12-19,94.4400,89.8100,90.1200
2000-12-20,88.0000,84.8100,86.0000
2000-12-21,87.9400,80.0600,81.5600
2000-12-22,89.3700,84.5000,89.0000
2000-12-26,89.5600,84.2500,84.8100
2000-12-27,88.1200,83.5600,84.6900
2000-12-28,88.1900,82.1200,85.2500
2000-12-29,86.9400,84.2500,85.0000
2001-01-02,87.5000,84.1200,84.8100
2001-01-03,95.0000,83.7500,94.6200
2001-01-04,99.7500,92.6900,93.1900
2001-01-05,94.6900,91.0000,94.0000
2001-01-08,93.9400,91.5600,93.5600
2001-01-09,95.7500,91.4400,92.5600
2001-01-10,94.9400,91.6900,93.4400
2001-01-11,94.2500,91.2500,93.6900
2001-01-12,96.4400,92.3700,93.8100
2001-01-16,94.0000,91.8100,92.7500
2001-01-17,97.7500,94.3100,96.6900
2001-01-18,110.0000,103.5000,108.3100
2001-01-19,113.9400,107.2500,111.2500
2001-01-22,109.9400,108.1900,108.5600
2001-01-23,109.9400,107.6200,109.0600
2001-01-24,111.4400,108.9400,110.4400
2001-01-25,111.1200,109.4400,110.7500
2001-01-26,115.2500,109.1900,114.1900
2001-01-29,115.5000,112.4700,114.9800
2001-01-30,116.7500,113.4000,116.6100
2001-01-31,116.7500,112.0000,112.0000
2001-02-01,114.3400,111.2000,114.0500
2001-02-02,113.9900,109.6000,110.2700
2001-02-05,112.6000,109.3000,112.2200
2001-02-06,115.6900,111.2000,114.1900
2001-02-07,117.6000,112.6700,116.9100
2001-02-08,118.2000,114.0300,114.1000
2001-02-09,114.9900,111.0000,112.0000
2001-02-12,115.7200,110.3000,114.9000
2001-02-13,117.3800,113.0700,113.7500
2001-02-14,116.1700,112.5000,115.1000
2001-02-15,118.6400,116.3800,116.7800
2001-02-16,115.7500,113.9400,115.0000
2001-02-20,115.6000,110.7800,111.5000
2001-02-21,111.5000,107.2900,107.5100
2001-02-22,110.9000,103.3800,108.9000
2001-02-23,107.5000,100.2500,104.0000
2001-02-26,105.8000,101.8300,105.3000
2001-02-27,106.8700,102.5600,102.5900
2001-02-28,103.5400,99.1000,99.9000
2001-03-01,106.4000,97.5000,106.0500
2001-03-02,107.6500,100.9400,102.3000
2001-03-05,105.6000,102.6400,104.9100
2001-03-06,108.4000,105.2500,106.0000
2001-03-07,108.2500,105.6600,107.5500
2001-03-08,107.3400,105.3700,106.4700
2001-03-09,105.0100,97.9000,99.2900
2001-03-12,98.4000,95.0200,95.4900
2001-03-13,98.4400,94.2000,98.3900
2001-03-14,98.9000,93.3400,94.9600
2001-03-15,97.8700,95.1700,95.5600
2001-03-16,93.9000,88.2000,90.1000
2001-03-19,92.8000,89.2000,92.6000
2001-03-20,92.0300,88.1000,88.3000
2001-03-21,91.6000,87.7500,89.0800
2001-03-22,91.0000,87.6500,89.1000
2001-03-23,94.9900,90.2900,93.5100
2001-03-26,95.6600,93.7500,95.4000
2001-03-27,100.0000,93.9700,99.5000
2001-03-28,98.4500,94.2500,94.4100
2001-03-29,97.0700,94.2600,95.0400
2001-03-30,97.5600,95.1400,96.1800
2001-04-02,98.1000,93.5800,94.6600
2001-04-03,94.6500,90.1000,90.3900
2001-04-04,94.0500,90.0500,92.0000
2001-04-05,100.0000,95.5300,98.2100
2001-04-06,100.0000,96.4000,97.9500
2001-04-09,98.7400,93.8000,96.0000
2001-04-10,99.9000,96.5600,99.0500
2001-04-11,101.9400,95.8000,97.4300
2001-04-12,97.5000,95.1500,96.2000
2001-04-16,99.8900,95.2000,96.7500
2001-04-17,99.8800,97.0000,99.7000
2001-04-18,110.0000,102.3000,106.5000
2001-04-19,115.9000,110.4500,114.4700
2001-04-20,116.4000,113.7500,114.8300
2001-04-23,114.0500,111.6800,112.0000
2001-04-24,114.7500,112.3000,112.6700
2001-04-25,114.8500,111.9900,114.8500
2001-04-26,116.7000,113.6800,113.7400
2001-04-27,116.9000,114.5500,116.2000
2001-04-30,118.0500,114.7200,115.1400
2001-05-01,118.6500,114.9000,118.5100
2001-05-02,118.9500,113.7400,115.4000
2001-05-03,115.1000,112.3500,113.7000
2001-05-04,115.8600,111.2000,115.8600
2001-05-07,117.2500,115.0000,115.9000
2001-05-08,117.7500,115.5000,117.7000
2001-05-09,118.1800,115.3000,116.9800
2001-05-10,118.9000,115.2000,115.2000
2001-05-11,114.1500,110.9600,111.8100
2001-05-14,113.1800,111.0000,112.5600
2001-05-15,114.1500,112.5000,113.5800
2001-05-16,115.8000,112.2000,115.8000
2001-05-17,117.0900,115.0500,115.0700
2001-05-18,117.6800,114.9000,117.4400
2001-05-21,119.9000,117.5500,119.0400
2001-05-22,119.7000,117.2500,118.0100
2001-05-23,118.9500,117.1000,117.4000
2001-05-24,119.6000,117.5000,119.6000
2001-05-25,119.9000,117.7600,117.8000
2001-05-29,117.5900,115.0800,115.2700
2001-05-30,114.1000,112.0000,112.6500
2001-05-31,113.8600,111.6400,111.8000
2001-06-01,113.6000,111.9000,112.8900
2001-06-04,114.7500,112.8500,113.6400
2001-06-05,117.6000,113.5600,116.9700
2001-06-06,119.0000,116.5000,117.5000
2001-06-07,118.2500,117.0000,117.2500
2001-06-08,117.5000,115.6000,116.1000
2001-06-11,118.1400,116.1000,117.3600
2001-06-12,117.8000,115.5500,117.2500
2001-06-13,118.4700,116.5300,116.5400
2001-06-14,116.0800,113.9900,115.7500
2001-06-15,115.4500,113.3800,113.6000
2001-06-18,115.4400,113.3100,114.2700
2001-06-19,117.2500,114.5600,114.8400
2001-06-20,114.9900,111.7600,113.0900
2001-06-21,114.7000,111.3600,112.6000
2001-06-22,114.4300,112.5000,112.8700
2001-06-25,114.9000,111.7800,112.6500
2001-06-26,114.0500,111.1000,113.0400
2001-06-27,114.1800,112.4500,113.5200
2001-06-28,116.9500,113.7500,115.1000
2001-06-29,116.6500,113.0000,113.5000
2001-07-02,115.4000,112.9600,114.3500
2001-07-03,114.1900,112.7600,112.9800
2001-07-05,113.2600,111.7900,112.1000
2001-07-06,110.9000,105.8100,106.5000
2001-07-09,106.9500,103.6500,104.7200
2001-07-10,105.4000,101.6000,101.9600
2001-07-11,104.1300,101.5600,103.8500
2001-07-12,107.8000,105.6200,107.2500
2001-07-13,109.3000,106.1100,108.5300
2001-07-16,109.3800,107.2800,107.8200
2001-07-17,108.5800,104.7500,108.5300
2001-07-18,107.6000,103.2000,104.2800
2001-07-19,106.0000,103.1000,104.0000
2001-07-20,105.7000,103.0300,105.7000
2001-07-23,106.9500,105.3000,105.8500
2001-07-24,106.1500,103.7900,104.5100
2001-07-25,105.7000,102.7300,104.8900
2001-07-26,106.0000,102.9300,106.0000
2001-07-27,105.9500,104.1100,104.7000
2001-07-30,106.2500,104.7600,105.8500
2001-07-31,107.0000,105.1500,105.2100
2001-08-01,108.5000,105.3100,107.0600
2001-08-02,109.4700,107.2100,108.8000
2001-08-03,110.0900,107.1000,108.1800
2001-08-06,107.3700,105.7900,106.5100
2001-08-07,107.3700,105.2600,106.2500
2001-08-08,106.1000,104.1000,104.1900
2001-08-09,104.5400,102.7000,104.0800
2001-08-10,104.9500,102.8100,104.9500
2001-08-13,106.6400,104.6500,105.8600
2001-08-14,106.8500,105.4000,106.2000
2001-08-15,106.5900,105.0100,105.0100
2001-08-16,106.0200,103.6600,105.7500
2001-08-17,105.4900,103.9000,104.5900
2001-08-20,105.0000,102.8000,104.1000
2001-08-21,104.9700,101.4000,101.8900
2001-08-22,104.0400,101.7600,103.9600
2001-08-23,104.7000,103.0000,103.0000
2001-08-24,107.8000,103.4100,106.9900
2001-08-27,108.2000,106.6400,106.8600
2001-08-28,107.1700,104.8700,104.9500
2001-08-29,105.9000,103.8200,104.1300
2001-08-30,103.4000,98.8600,100.3600
2001-08-31,101.3600,99.2400,99.9500
2001-09-04,103.1300,99.2900,101.4900
2001-09-05,102.8300,99.6100,100.3500
2001-09-06,100.6800,97.6500,98.0000
2001-09-07,98.1500,96.0000,96.5900
2001-09-10,97.4000,95.5900,96.4700
2001-09-17,95.8600,92.5500,93.3400
2001-09-18,96.7500,93.6800,96.4000
2001-09-19,96.8500,92.4500,96.0000
2001-09-20,95.7500,92.8500,93.4000
2001-09-21,93.5000,89.5000,90.5000
2001-09-24,95.5400,91.8000,94.8000
2001-09-25,96.0000,93.4100,94.4500
2001-09-26,94.4500,90.3000,91.3000
2001-09-27,91.5000,87.4900,90.0000
2001-09-28,92.7100,89.9000,91.7200
2001-10-01,93.4800,91.3400,92.7100
2001-10-02,93.9000,92.1000,93.7700
2001-10-03,97.6200,92.4000,96.9500
2001-10-04,98.8800,96.8000,97.3100
2001-10-05,98.4500,95.3700,98.0200
2001-10-08,99.0000,96.7500,98.5000
2001-10-09,98.5000,96.7600,97.1400
2001-10-10,97.3000,94.9000,97.2500
2001-10-11,99.4000,96.5000,99.4000
2001-10-12,101.0000,98.0000,100.8400
2001-10-15,102.7600,99.8500,102.0000
2001-10-16,103.0000,99.6600,101.8500
2001-10-17,106.7000,102.9000,102.9000
2001-10-18,103.7500,100.7800,101.2600
2001-10-19,102.7400,100.0700,102.6500
2001-10-22,105.7800,101.9000,105.2500
2001-10-23,106.6900,104.5500,105.8100
2001-10-24,108.7500,106.0900,108.5700
2001-10-25,110.8500,106.7500,110.6600
2001-10-26,112.1000,109.6200,111.1600
2001-10-29,110.7000,108.6200,108.6200
2001-10-30,109.7500,107.7600,108.6500
2001-10-31,111.1200,108.0700,108.0700
2001-11-01,110.1700,106.9000,109.8900
2001-11-02,110.3000,108.7700,109.5000
2001-11-05,110.5900,109.0800,109.9700
2001-11-06,114.8000,109.0000,113.6100
2001-11-07,115.2000,113.0300,113.8500
2001-11-08,115.5600,113.6100,113.8100
2001-11-09,114.9000,113.1000,114.0800
2001-11-12,114.9000,112.0500,114.8600
2001-11-13,117.0000,115.7000,116.7000
2001-11-14,116.8500,113.3300,114.3500
2001-11-15,116.3300,113.8400,114.7500
2001-11-16,115.0000,112.5500,114.5000
2001-11-19,115.8000,113.7700,115.0000
2001-11-20,116.8000,114.2500,115.4400
2001-11-21,115.2500,113.0500,114.3400
2001-11-23,115.3700,113.7200,115.3500
2001-11-26,116.4000,115.2000,116.3300
2001-11-27,116.3000,114.0700,114.2000
2001-11-28,114.3800,112.1000,112.1500
2001-11-29,114.5500,111.8100,114.4300
2001-11-30,115.9400,113.8000,115.5900
2001-12-03,114.8500,113.2100,114.1300
2001-12-04,116.7200,113.3800,116.6400
2001-12-05,121.9800,116.6500,121.4000
2001-12-06,121.7000,119.8000,120.1400
2001-12-07,121.0000,118.7500,120.4000
2001-12-10,121.0000,119.4100,119.6600
2001-12-11,122.7400,119.8000,121.5000
2001-12-12,123.2100,120.0600,123.2000
2001-12-13,122.3000,120.1200,120.2500
2001-12-14,121.4800,119.4100,121.1000
2001-12-17,122.1400,120.1500,121.3400
2001-12-18,122.9700,121.3500,122.2000
2001-12-19,124.7000,121.0100,123.8900
2001-12-20,124.0000,122.1500,122.7000
2001-12-21,123.5000,121.7100,122.0000
2001-12-24,122.4800,121.1000,121.4500
2001-12-26,123.7000,121.8100,122.4000
2001-12-27,123.9300,122.6400,123.5000
2001-12-28,123.8800,122.3500,122.9000
2001-12-31,123.2400,120.9500,120.9600
2002-01-02,121.5000,119.8000,121.5000
2002-01-03,124.2200,120.2500,123.6600
2002-01-04,125.6000,123.9800,125.6000
2002-01-07,126.1900,123.7000,124.0500
2002-01-08,125.2000,123.7300,124.7000
2002-01-09,126.3900,124.1500,124.4900
2002-01-10,124.0000,121.4200,122.1400
2002-01-11,122.1800,120.2800,120.3100
2002-01-14,120.0900,117.1000,118.0500
2002-01-15,119.7000,117.7200,118.8500
2002-01-16,118.7500,117.2500,117.4000
2002-01-17,120.5500,117.2600,119.9000
2002-01-18,114.9000,112.8100,114.2500
2002-01-22,114.2600,110.3300,110.5000
2002-01-23,111.2500,107.0000,107.9000
2002-01-24,109.7300,107.0700,108.7200
2002-01-25,110.6900,108.1000,109.2800
2002-01-28,110.2100,107.0600,108.1500
2002-01-29,108.5600,102.4100,103.0000
2002-01-30,105.7500,101.0000,105.5500
2002-01-31,107.9800,104.4600,107.8900
2002-02-01,109.3000,106.6400,108.0000
2002-02-04,108.0000,105.9900,106.8000
2002-02-05,108.5000,106.0000,106.3000
2002-02-06,107.8200,105.3300,106.6300
2002-02-07,107.0000,103.8600,103.9100
2002-02-08,105.7200,102.6100,104.9900
2002-02-11,107.6900,104.5100,107.3800
2002-02-12,107.8900,106.0600,106.5700
2002-02-13,108.4800,106.1200,108.0700
2002-02-14,109.1500,107.2000,107.8900
2002-02-15,104.8000,101.7000,102.8900
2002-02-19,101.8000,98.8600,101.3000
2002-02-20,100.0000,97.0000,99.3100
2002-02-21,99.7000,96.0100,96.3800
2002-02-22,99.2000,95.7600,98.4500
2002-02-25,99.2500,97.1200,98.3000
2002-02-26,99.1900,95.9900,97.1500
2002-02-27,100.3100,96.7000,97.8300
2002-02-28,99.6000,97.8200,98.1200
2002-03-01,103.1000,98.5000,103.0200
2002-03-04,106.5300,103.1300,105.9000
2002-03-05,106.5000,104.1600,105.6700
2002-03-06,107.0900,104.7500,106.3000
2002-03-07,107.5000,103.2400,103.7100
2002-03-08,107.3400,104.8200,105.0900
2002-03-11,105.9700,103.6000,105.2400
2002-03-12,108.8500,105.5100,108.5000
2002-03-13,108.6500,106.7000,107.1800
2002-03-14,107.9500,106.5900,106.6000
2002-03-15,107.4500,105.5900,106.7900
2002-03-18,108.6400,106.2300,106.3500
2002-03-19,108.0500,106.4900,107.4900
2002-03-20,106.9000,105.4900,105.5000
2002-03-21,106.7800,104.7000,106.7800
2002-03-22,106.7000,105.0700,105.6000
2002-03-25,106.6600,103.5000,103.5600
2002-03-26,105.7000,102.3000,102.9000
2002-03-27,103.7900,102.5000,103.3900
2002-03-28,105.1400,103.3900,104.0000
2002-04-01,104.0000,102.4000,102.8600
2002-04-02,102.0100,100.5100,100.9500
2002-04-03,101.5000,98.9000,99.9600
2002-04-04,101.1400,99.5000,100.8400
2002-04-05,101.2500,97.2500,97.2500
2002-04-08,88.5900,85.3500,87.4100
2002-04-09,88.5200,87.1000,87.7400
2002-04-10,89.9500,88.2000,89.0100
2002-04-11,88.5100,83.3400,84.1900
2002-04-12,87.9600,84.4000,85.6000
2002-04-15,86.6000,84.7000,85.3500
2002-04-16,86.8500,85.5800,86.2000
2002-04-17,87.2000,84.0000,84.8100
2002-04-18,89.1000,86.9000,88.9500
2002-04-19,90.0300,87.6000,89.0000
2002-04-22,88.9500,87.3600,87.9300
2002-04-23,89.0800,87.2400,87.3300
2002-04-24,88.2500,86.2700,86.5000
2002-04-25,86.9200,85.7700,86.7100
2002-04-26,86.9600,84.7000,84.7100
2002-04-29,85.1000,83.5500,83.8900
2002-04-30,85.2300,83.5300,83.7600
2002-05-01,84.6500,81.6700,84.3000
2002-05-02,84.8000,83.1300,83.8600
2002-05-03,83.5000,81.1100,81.7800
2002-05-06,81.8700,76.0000,76.0000
2002-05-07,77.5000,75.9200,76.5000
2002-05-08,82.8000,78.2000,82.4500
2002-05-09,83.0000,79.0000,79.9300
2002-05-10,80.5000,79.2500,79.6800
2002-05-13,82.2900,79.5000,82.1900
2002-05-14,85.4800,82.1900,85.4800
2002-05-15,86.4900,84.0500,84.5000
2002-05-16,86.0000,83.4000,85.4500
2002-05-17,86.4000,85.0000,85.6900
2002-05-20,85.4600,83.9300,84.4500
2002-05-21,85.0000,83.3000,83.4500
2002-05-22,84.3900,82.7400,84.0000
2002-05-23,85.0500,82.5200,84.3500
2002-05-24,83.7500,82.6200,83.1000
2002-05-28,83.1100,81.6900,82.0800
2002-05-29,82.0000,81.0000,81.6000
2002-05-30,82.2500,80.2200,82.2500
2002-05-31,82.0500,80.4000,80.4500
2002-06-03,80.9100,78.0000,78.1100
2002-06-04,79.6500,77.6000,79.3100
2002-06-05,80.7100,79.1100,80.5500
2002-06-06,80.9500,78.8900,79.6600
2002-06-07,78.8500,77.0000,78.3000
2002-06-10,78.8000,76.6000,76.8000
2002-06-11,78.2500,75.2000,75.4900
2002-06-12,75.9500,73.2500,74.6500
2002-06-13,77.4000,75.3000,75.6000
2002-06-14,76.7700,73.2500,76.1700
2002-06-17,77.7500,75.1600,77.1400
2002-06-18,76.9000,75.4700,75.9400
2002-06-19,75.2000,73.2500,73.3500
2002-06-20,74.0900,71.4300,71.5800
2002-06-21,70.9900,68.1900,68.7500
2002-06-24,71.4900,67.2500,69.7000
2002-06-25,71.4500,68.4100,68.6000
2002-06-26,70.5900,66.1000,70.0500
2002-06-27,72.1500,69.1000,71.9000
2002-06-28,73.6200,71.2500,72.0000
2002-07-01,72.4100,67.1600,67.6000
2002-07-02,69.4000,67.7000,68.5800
2002-07-03,70.7100,67.8700,70.5100
2002-07-05,73.9000,72.0000,73.5000
2002-07-08,73.4800,71.0300,71.3000
2002-07-09,72.2500,69.4500,69.6700
2002-07-10,71.2500,68.5300,68.7600
2002-07-11,69.7500,67.5500,69.4100
2002-07-12,71.7400,68.8000,69.2100
2002-07-15,71.0000,66.6000,71.0000
2002-07-16,71.3900,68.4800,69.0100
2002-07-17,71.6000,69.6200,70.6900
2002-07-18,74.2000,70.0000,72.0500
2002-07-19,72.7000,70.0000,72.0000
2002-07-22,72.1900,68.3100,68.5000
2002-07-23,70.0000,66.6600,67.0500
2002-07-24,70.0000,65.7000,69.5400
2002-07-25,70.0000,67.3000,69.3500
2002-07-26,69.4700,65.7600,66.4000
2002-07-29,71.4000,68.0000,71.1800
2002-07-30,72.7000,70.0200,71.7900
2002-07-31,71.6000,69.1100,70.4000
2002-08-01,70.7000,67.2200,68.2500
2002-08-02,68.2300,67.1200,67.8800
2002-08-05,68.3500,65.8500,65.9900
2002-08-06,69.4200,66.6100,67.9000
2002-08-07,69.9000,66.8000,69.1700
2002-08-08,72.0500,68.3500,71.6100
2002-08-09,74.3000,70.4000,71.8300
2002-08-12,72.6400,70.6100,71.7700
2002-08-13,73.8000,71.1900,71.9000
2002-08-14,75.0200,71.3500,74.9200
2002-08-15,76.7100,74.6000,76.5000
2002-08-16,79.9800,75.9800,79.3500
2002-08-19,82.8500,79.0100,82.4900
2002-08-20,82.0000,80.1800,81.2700
2002-08-21,82.3300,79.5500,81.0000
2002-08-22,82.4500,80.2000,81.9900
2002-08-23,81.4800,79.3500,80.4000
2002-08-26,80.8900,77.8000,79.4200
2002-08-27,80.4400,77.3000,77.9600
2002-08-28,77.0100,75.6700,76.0600
2002-08-29,77.3500,75.1500,76.6200
2002-08-30,76.3500,75.1000,75.3800
2002-09-03,75.0000,72.3000,72.3500
2002-09-04,73.9900,71.6000,73.7300
2002-09-05,72.8500,71.5000,72.1800
2002-09-06,73.9900,73.0700,73.2000
2002-09-09,74.9800,71.8500,74.5000
2002-09-10,75.6000,73.8500,75.6000
2002-09-11,77.5000,74.0600,74.2000
2002-09-12,74.0500,71.6400,71.8700
2002-09-13,72.8800,71.3100,72.5000
2002-09-16,72.7200,71.2300,72.3200
2002-09-17,73.4500,71.3500,71.7500
2002-09-18,70.9000,68.8600,69.5500
2002-09-19,66.4800,64.6500,64.8000
2002-09-20,65.4000,63.9000,63.9200
2002-09-23,63.7500,62.3700,63.3700
2002-09-24,63.3000,59.5500,59.7500
2002-09-25,63.7700,60.9900,63.0100
2002-09-26,64.8800,61.3300,62.0200
2002-09-27,63.4900,60.3100,60.3600
2002-09-30,59.8900,57.9900,58.3100
2002-10-01,61.9800,58.9900,61.1700
2002-10-02,62.0000,58.3500,59.6300
2002-10-03,61.1600,58.9500,60.0000
2002-10-04,59.5100,55.7700,56.6000
2002-10-07,58.5000,56.6000,56.8600
2002-10-08,58.0900,54.8000,57.0500
2002-10-09,56.7000,54.8100,55.0700
2002-10-10,58.4800,54.0100,57.5800
2002-10-11,63.9200,61.5000,63.9200
2002-10-14,63.8000,61.5400,63.4200
2002-10-15,68.4800,66.5800,68.4800
2002-10-16,67.0000,64.2400,64.9000
2002-10-17,73.0000,71.2300,72.2000
2002-10-18,74.2500,70.2600,74.2500
2002-10-21,75.9000,72.9400,75.5500
2002-10-22,75.6800,73.6200,74.4900
2002-10-23,74.9700,72.4600,74.6000
2002-10-24,75.5500,71.7500,72.1000
2002-10-25,74.6200,72.1600,74.5600
2002-10-28,77.5000,74.5600,76.5600
2002-10-29,77.0500,74.2000,76.7400
2002-10-30,79.4000,76.0200,78.6700
2002-10-31,79.7900,78.5000,78.9400
2002-11-01,80.5000,78.3200,80.4000
2002-11-04,83.8100,81.7000,82.5000
2002-11-05,82.0100,80.4700,81.6800
2002-11-06,81.8800,80.0500,81.5400
2002-11-07,80.0000,78.3200,78.9500
2002-11-08,79.2900,77.2000,77.5900
2002-11-11,78.3600,76.7000,77.2900
2002-11-12,79.9000,77.3000,79.1500
2002-11-13,80.3300,77.9800,79.3500
2002-11-14,80.9900,79.4000,80.7200
2002-11-15,80.4000,79.0100,80.0100
2002-11-18,80.9900,79.0800,79.1800
2002-11-19,79.4500,77.8400,78.3700
2002-11-20,81.7100,77.9000,81.6100
2002-11-21,84.9200,82.0500,84.9000
2002-11-22,85.1700,83.8000,84.4300
2002-11-25,86.2500,83.5200,86.2000
2002-11-26,86.1500,84.3900,85.0600
2002-11-27,88.1100,85.8500,87.7000
2002-11-29,88.0500,86.7600,86.9200
2002-12-02,89.4600,86.3000,87.3000
2002-12-03,87.0300,85.1500,85.2100
2002-12-04,84.8600,82.8200,83.6900
2002-12-05,84.9800,82.6000,83.0600
2002-12-06,82.7500,81.0700,82.3200
2002-12-09,81.3300,79.5000,79.5900
2002-12-10,81.0000,78.6000,80.8000
2002-12-11,82.4800,79.9900,81.4400
2002-12-12,81.6900,79.7000,80.1700
2002-12-13,80.0000,78.2700,80.0000
2002-12-16,81.7900,79.0500,81.6200
2002-12-17,81.7700,80.0300,80.3100
2002-12-18,79.6900,78.2400,79.1300
2002-12-19,80.3400,78.3500,78.6600
2002-12-20,80.0000,78.8800,79.7900
2002-12-23,81.5000,79.4400,80.2600
2002-12-24,81.0000,79.7600,79.7600
2002-12-26,80.7000,78.2600,78.5000
2002-12-27,79.1800,76.6100,77.3600
2002-12-30,77.4300,75.6000,76.2500
2002-12-31,78.4600,77.1000,77.5000
2003-01-02,80.5700,78.1900,80.5700
2003-01-03,81.6500,80.2100,81.6500
2003-01-06,84.8000,81.8100,83.5900
2003-01-07,86.1800,83.7500,86.0000
2003-01-08,85.6900,84.0700,84.1900
2003-01-09,87.0200,84.7500,87.0000
2003-01-10,88.0400,85.7000,87.6800
2003-01-13,88.9500,87.3500,87.5100
2003-01-14,88.5900,87.2200,88.5800
2003-01-15,88.6500,86.9500,87.5900
2003-01-16,87.7100,85.3800,86.0500
2003-01-17,83.7400,81.1800,81.3000
2003-01-21,81.8500,80.5000,80.5400
2003-01-22,80.7700,79.3900,79.7000
2003-01-23,81.3600,79.8000,81.0500
2003-01-24,81.5000,78.8200,78.9900
2003-01-27,79.5000,77.6100,78.4200
2003-01-28,80.4700,78.3600,80.1100
2003-01-29,80.7000,78.5700,80.3200
2003-01-30,81.3000,78.3000,78.3000
2003-01-31,78.3400,77.0200,78.2000
2003-02-03,78.8700,77.7500,78.1800
2003-02-04,78.1800,76.2500,77.0900
2003-02-05,78.9000,76.8700,77.2600
2003-02-06,78.2000,76.5100,77.5100
2003-02-07,78.1500,76.6100,77.1000
2003-02-10,78.0200,76.4500,77.9100
2003-02-11,78.9700,77.3100,77.3900
2003-02-12,78.0900,76.5000,76.5000
2003-02-13,76.3500,74.3100,75.8600
2003-02-14,77.4500,75.3500,77.4500
2003-02-18,79.5000,77.9100,79.3300
2003-02-19,79.7000,78.8200,79.5100
2003-02-20,80.0500,78.7100,79.1500
2003-02-21,80.0000,78.1600,79.9500
2003-02-24,79.9900,78.5600,78.5600
2003-02-25,79.3700,76.9000,79.0700
2003-02-26,79.0500,77.3000,77.4000
2003-02-27,78.5900,76.7500,77.2800
2003-02-28,78.4700,77.0000,77.9500
2003-03-03,79.0000,77.1200,77.3300
2003-03-04,77.7500,76.5300,76.7000
2003-03-05,77.7300,76.2500,77.7300
2003-03-06,77.7800,76.7000,77.0700
2003-03-07,77.9900,75.7100,77.9000
2003-03-10,77.4500,75.5000,75.7000
2003-03-11,76.3300,75.2000,75.3500
2003-03-12,75.6300,73.1700,75.1800
2003-03-13,78.6800,75.3100,78.4500
2003-03-14,79.4800,78.1100,79.0000
2003-03-17,82.6700,77.8400,82.4600
2003-03-18,83.5000,81.4900,82.4700
2003-03-19,82.5000,81.0800,82.0000
2003-03-20,82.4900,80.6400,82.2000
2003-03-21,84.9000,82.7600,84.9000
2003-03-24,83.3500,82.2300,82.2500
2003-03-25,84.0000,81.7400,83.4500
2003-03-26,83.2500,81.1800,81.5500
2003-03-27,82.3300,80.5100,81.4500
2003-03-28,81.9900,80.5000,80.8500
2003-03-31,79.6100,78.3100,78.4300
2003-04-01,79.5600,78.1200,78.7300
2003-04-02,81.9700,79.9000,81.4600
2003-04-03,83.4800,81.7100,81.9100
2003-04-04,82.5500,80.0400,80.7900
2003-04-07,82.9000,80.2500,80.4700
2003-04-08,80.7000,78.4700,80.0700
2003-04-09,80.7400,78.6300,78.7100
2003-04-10,79.2500,78.1300,79.0100
2003-04-11,81.2900,78.4500,78.7500
2003-04-14,80.0700,78.1600,80.0700
2003-04-15,82.8500,79.7100,82.7900
2003-04-16,84.4000,82.7400,82.8800
2003-04-17,84.4000,81.8900,84.2600
2003-04-21,84.5100,83.1000,83.3600
2003-04-22,86.0600,82.6000,85.6300
2003-04-23,85.9700,84.9600,85.7500
2003-04-24,85.7000,84.6300,85.2000
2003-04-25,85.2800,83.8600,83.8800
2003-04-28,85.5000,83.6200,85.1200
2003-04-29,86.4900,84.9700,85.6600
2003-04-30,85.6700,84.6800,84.9000
2003-05-01,86.2300,84.4700,85.8900
2003-05-02,87.5700,84.4500,87.5700
2003-05-05,88.0000,86.5200,86.5200
2003-05-06,88.3400,86.0000,87.5100
2003-05-07,87.8100,86.5000,86.6800
2003-05-08,86.7800,85.7500,86.0500
2003-05-09,87.7000,86.4000,87.5500
2003-05-12,89.2600,87.1000,89.0000
2003-05-13,90.1000,88.5600,89.9800
2003-05-14,90.4000,88.3000,88.7000
2003-05-15,89.9600,89.0000,89.9000
2003-05-16,89.8900,88.9500,88.9900
2003-05-19,88.4700,86.4100,86.4500
2003-05-20,87.2400,84.8900,85.7700
2003-05-21,86.1800,85.0800,86.1800
2003-05-22,86.8000,85.8000,86.0800
2003-05-23,85.9500,85.1000,85.2600
2003-05-27,87.9000,84.5100,87.6900
2003-05-28,88.7000,87.4000,87.5700
2003-05-29,88.5900,87.2000,87.3600
2003-05-30,88.6800,87.4500,88.0400
2003-06-02,89.0800,87.2500,87.3300
2003-06-03,85.2400,83.2400,83.8200
2003-06-04,84.9600,83.8300,84.2500
2003-06-05,84.2500,81.7500,81.9000
2003-06-06,83.2300,79.8400,80.0500
2003-06-09,82.0000,79.8100,82.0000
2003-06-10,82.9200,81.2100,81.7100
2003-06-11,84.1500,82.2900,83.9700
2003-06-12,84.9800,83.5500,83.9500
2003-06-13,84.2900,82.5100,82.7500
2003-06-16,84.5500,82.5500,84.5000
2003-06-17,84.9500,83.8000,84.3000
2003-06-18,84.9900,83.2200,84.7000
2003-06-19,85.2900,84.5000,84.5500
2003-06-20,85.2400,84.6900,84.9200
2003-06-23,84.7900,82.9700,83.1800
2003-06-24,84.1800,82.8500,83.6300
2003-06-25,84.1600,82.0900,82.4900
2003-06-26,84.3800,82.8200,84.3500
2003-06-27,84.6500,83.2200,83.4200
2003-06-30,84.2000,82.5000,82.5000
2003-07-01,83.6600,81.4000,83.5900
2003-07-02,84.8900,83.7500,84.7400
2003-07-03,84.6900,83.4800,83.9500
2003-07-07,86.4500,84.7400,86.0900
2003-07-08,86.7500,85.1900,86.2500
2003-07-09,86.3500,84.8500,85.4700
2003-07-10,85.2200,83.4700,84.0300
2003-07-11,85.2800,83.7000,84.8900
2003-07-14,86.5800,85.4200,85.4200
2003-07-15,87.0000,85.8200,86.4400
2003-07-16,87.0300,85.8500,86.7400
2003-07-17,83.9400,82.5000,83.3300
2003-07-18,84.0200,83.2100,83.7200
2003-07-21,83.4300,82.2100,82.5000
2003-07-22,83.2600,81.5200,81.8500
2003-07-23,82.7700,81.7300,82.3000
2003-07-24,82.9900,81.5100,81.5100
2003-07-25,83.7400,81.5700,83.5500
2003-07-28,83.7000,82.0400,82.5400
2003-07-29,82.8800,81.6000,81.8000
2003-07-30,82.4500,80.5800,80.9600
2003-07-31,82.5400,81.1000,81.2500
2003-08-01,81.2700,80.0500,81.2700
2003-08-04,81.3600,80.0600,81.1300
2003-08-05,81.3300,79.8000,79.8500
2003-08-06,80.6800,78.7300,79.7500
2003-08-07,80.8200,79.3800,80.6900
2003-08-08,81.2700,80.3500,80.8800
2003-08-11,81.5000,80.2800,81.0200
2003-08-12,81.5400,80.6500,81.5100
2003-08-13,82.1900,80.5800,81.2000
2003-08-14,81.7500,80.6900,81.5600
2003-08-15,81.9800,81.2000,81.7900
2003-08-18,83.6800,81.9000,83.5200
2003-08-19,83.8100,82.5600,82.8500
2003-08-20,83.3100,82.0000,83.0500
2003-08-21,83.8500,82.8500,82.8500
2003-08-22,84.7200,82.9600,82.9700
2003-08-25,83.0300,81.7500,81.9600
2003-08-26,82.5400,81.2700,82.5000
2003-08-27,82.5300,81.9000,82.0000
2003-08-28,82.3400,81.2700,81.9000
2003-08-29,82.1100,81.5600,82.0100
2003-09-02,85.9600,82.3000,85.7600
2003-09-03,87.3000,86.0000,86.3300
2003-09-04,88.2900,85.6900,87.9100
2003-09-05,88.2600,86.7500,86.9500
2003-09-08,89.6600,88.3500,89.1000
2003-09-09,89.9700,88.9300,89.4200
2003-09-10,89.0000,87.6100,87.8400
2003-09-11,88.4200,86.4000,87.9200
2003-09-12,89.0100,87.2000,88.7000
2003-09-15,89.9600,88.3900,88.4900
2003-09-16,90.4100,88.4900,90.2900
2003-09-17,91.9400,90.2000,90.6300
2003-09-18,92.4300,90.4600,92.0000
2003-09-19,93.4700,91.8000,93.2800
2003-09-22,92.2400,90.9000,91.3900
2003-09-23,92.0900,90.5600,91.3400
2003-09-24,91.8200,89.3300,89.4000
2003-09-25,90.9700,89.2000,89.4100
2003-09-26,90.1400,89.0000,89.0500
2003-09-29,90.1800,89.0700,89.4500
2003-09-30,89.2500,87.9000,88.3300
2003-10-01,90.6000,88.7000,90.3500
2003-10-02,90.4500,89.2200,90.0800
2003-10-03,91.9500,90.5700,90.6400
2003-10-06,91.7600,90.5100,91.1800
2003-10-07,91.7000,90.4000,91.7000
2003-10-08,92.8700,91.9500,92.6600
2003-10-09,93.6000,92.2000,92.4500
2003-10-10,93.1800,92.3600,92.6700
2003-10-13,93.5400,92.5800,93.2000
2003-10-14,92.9500,92.3200,92.7200
2003-10-15,94.5400,92.7400,92.7400
2003-10-16,89.7000,88.6600,89.2800
2003-10-17,89.6800,88.8100,89.2300
2003-10-20,89.4000,88.8600,89.0000
2003-10-21,89.3400,88.7000,88.9300
2003-10-22,89.0100,87.9000,88.4600
2003-10-23,88.4000,87.5300,88.1500
2003-10-24,88.6400,87.7200,88.4200
2003-10-27,89.1000,88.0500,88.5200
2003-10-28,89.9000,88.5200,89.9000
2003-10-29,89.9400,89.1500,89.3400
2003-10-30,90.1700,89.0600,89.1200
2003-10-31,90.7100,89.2000,89.4800
2003-11-03,90.8400,89.4800,89.6800
2003-11-04,89.8000,88.8600,89.1400
2003-11-05,88.8800,88.0000,88.4900
2003-11-06,89.5900,87.7200,89.3400
2003-11-07,89.6000,88.2600,88.2600
2003-11-10,90.4700,89.5500,89.9500
2003-11-11,90.0300,88.8900,89.3600
2003-11-12,91.1600,89.3100,90.6900
2003-11-13,91.4800,90.1600,91.0900
2003-11-14,91.4200,89.8100,90.2500
2003-11-17,90.0500,89.0300,89.8000
2003-11-18,90.1800,88.9000,88.9500
2003-11-19,89.8300,88.3200,89.4000
2003-11-20,89.7900,88.3800,88.3900
2003-11-21,88.8500,88.2300,88.6300
2003-11-24,89.7400,88.9500,89.6600
2003-11-25,89.8500,89.2700,89.4300
2003-11-26,90.0900,89.1100,89.9100
2003-11-28,90.6800,89.6200,90.5400
2003-12-01,91.3600,90.4800,91.0100
2003-12-02,91.4800,90.5200,90.7500
2003-12-03,91.4400,90.3000,90.3000
2003-12-04,91.4400,90.0300,91.4200
2003-12-05,91.3000,90.5000,90.6400
2003-12-08,91.4700,90.5200,91.2000
2003-12-09,92.1600,90.6100,90.6300
2003-12-10,92.7400,90.6500,91.7300
2003-12-11,92.9700,91.9200,92.4000
2003-12-12,93.1600,92.2400,92.7100
2003-12-15,93.9700,92.0800,92.1100
2003-12-16,94.1200,91.8800,93.9800
2003-12-17,93.8700,92.8500,93.4000
2003-12-18,93.3800,92.5000,92.7300
2003-12-19,93.2500,92.6700,93.1400
2003-12-22,93.5000,92.7800,93.3900
2003-12-23,93.4400,92.3400,92.7900
2003-12-24,92.8000,92.1800,92.2700
2003-12-26,93.0000,92.3000,92.9000
2003-12-29,93.7300,93.0300,93.5200
2003-12-30,93.5000,92.3600,92.6300
2003-12-31,92.8500,92.1600,92.6800
2004-01-02,93.0500,91.2000,91.5500
2004-01-05,93.0900,92.0000,93.0500
2004-01-06,93.1900,92.1400,93.0600
2004-01-07,93.3800,92.4700,92.7800
2004-01-08,93.2100,92.0310,93.0400
2004-01-09,92.3500,91.0000,91.2100
2004-01-12,92.1400,91.2100,91.5500
2004-01-13,91.5100,89.0100,89.7000
2004-01-14,90.4600,89.7500,90.3100
2004-01-15,95.6500,93.5500,94.0200
2004-01-16,95.3500,94.7100,95.3200
2004-01-20,97.4400,95.7300,97.1000
2004-01-21,98.0400,96.6400,97.7000
2004-01-22,98.1600,97.3200,97.5100
2004-01-23,98.2100,97.1000,97.9000
2004-01-26,99.8500,97.5600,99.8500
2004-01-27,99.6700,98.7000,98.8000
2004-01-28,99.4200,97.2800,97.3800
2004-01-29,98.6000,96.5500,98.0100
2004-01-30,99.3300,97.8400,99.2300
2004-02-02,99.9400,98.5000,99.3900
2004-02-03,100.0000,98.9500,100.0000
2004-02-04,100.4300,99.3000,100.1900
2004-02-05,100.0900,98.2600,98.8600
2004-02-06,99.2400,98.2500,98.9400
2004-02-09,99.4400,98.6000,98.9500
2004-02-10,99.9700,98.4100,99.6100
2004-02-11,100.3100,98.8000,99.9600
2004-02-12,100.3000,99.3000,99.3000
2004-02-13,100.0900,99.0828,99.7100
2004-02-17,100.0000,99.3200,99.3700
2004-02-18,99.7700,98.1500,98.4200
2004-02-19,99.2300,97.5200,97.8000
2004-02-20,98.6000,97.1900,97.3100
2004-02-23,97.5100,95.4600,95.9600
2004-02-24,97.4600,95.2000,96.7900
2004-02-25,97.0900,96.2300,96.5400
2004-02-26,97.2600,96.2500,96.7900
2004-02-27,97.3800,96.1000,96.5000
2004-03-01,97.2500,96.1500,97.0400
2004-03-02,97.6000,96.6200,96.8200
2004-03-03,96.8900,95.6000,96.8400
2004-03-04,96.9200,96.1320,96.3900
2004-03-05,96.9800,95.5600,96.4500
2004-03-08,96.8800,94.5900,94.5900
2004-03-09,95.2800,93.7700,94.5300
2004-03-10,94.7400,92.6800,93.0600
2004-03-11,92.9800,91.1500,91.2100
2004-03-12,93.3800,91.6800,93.3000
2004-03-15,92.6900,90.8800,91.8200
2004-03-16,92.7000,91.4200,92.4500
2004-03-17,93.7900,92.4500,93.3900
2004-03-18,93.1800,91.9000,92.8500
2004-03-19,92.9700,91.5100,91.6200
2004-03-22,91.4800,90.2800,91.0200
2004-03-23,92.1600,90.6800,91.3200
2004-03-24,92.4900,91.0400,91.7700
2004-03-25,92.6300,91.4500,92.3900
2004-03-26,93.2500,92.1600,92.7700
2004-03-29,93.6100,92.1800,92.6800
2004-03-30,92.6700,91.3500,92.3200
2004-03-31,92.2400,91.5100,91.8400
2004-04-01,92.6800,91.6200,92.3700
2004-04-02,94.5500,93.3300,94.2000
2004-04-05,94.3700,93.5100,94.1800
2004-04-06,93.7900,93.0200,93.7000
2004-04-07,93.5800,92.5100,93.0800
2004-04-08,94.3900,92.5500,93.1200
2004-04-12,94.3600,93.4000,93.7400
2004-04-13,94.0400,92.5000,93.0400
2004-04-14,93.8600,92.1000,93.7000
2004-04-15,94.0900,93.0600,93.9700
2004-04-16,92.3500,91.0400,92.2800
2004-04-19,92.3000,91.7000,91.9400
2004-04-20,92.4800,90.6500,90.6500
2004-04-21,91.4200,90.6900,91.2600
2004-04-22,91.5100,89.7000,90.7400
2004-04-23,91.6100,90.3600,91.2800
2004-04-26,91.5600,90.3490,90.4300
2004-04-27,91.9900,90.5600,91.1100
2004-04-28,90.9800,90.2100,90.4100
2004-04-29,90.2600,88.1900,89.0800
2004-04-30,89.2000,88.0100,88.1700
2004-05-03,88.5200,87.2012,88.0200
2004-05-04,89.7400,88.0000,89.0000
2004-05-05,89.7500,88.5100,88.9600
2004-05-06,89.1000,87.5900,88.3600
2004-05-07,89.4000,87.6200,88.1900
2004-05-10,88.1025,86.3700,86.8800
2004-05-11,88.1500,86.8200,87.1300
2004-05-12,87.2500,85.1200,86.8100
2004-05-13,87.4100,86.2600,87.1900
2004-05-14,87.3500,86.0700,86.4100
2004-05-17,86.0300,85.1500,85.5300
2004-05-18,86.4900,86.0000,86.0600
2004-05-19,88.8800,86.5000,87.0500
2004-05-20,87.9500,87.0500,87.4200
2004-05-21,88.1800,86.9100,87.1300
2004-05-24,87.8400,86.5500,87.1000
2004-05-25,88.9200,86.5500,88.7000
2004-05-26,88.8500,88.0400,88.3500
2004-05-27,89.0800,87.9800,88.5900
2004-05-28,88.8500,88.2500,88.5900
2004-06-01,88.4800,87.3000,88.1200
2004-06-02,88.6400,87.8900,87.9800
2004-06-03,88.1000,87.3500,87.3500
2004-06-04,88.4900,87.5000,87.5600
2004-06-07,88.9900,88.0100,88.6400
2004-06-08,90.5000,88.4000,90.0400
2004-06-09,90.5500,89.8100,90.0900
2004-06-10,90.7500,89.8910,90.4600
2004-06-14,90.5800,89.6200,90.0700
2004-06-15,91.2100,90.2315,90.5400
2004-06-16,90.9300,90.0900,90.3800
2004-06-17,90.5600,90.0700,90.4400
2004-06-18,90.8000,89.9000,90.0600
2004-06-21,90.4300,89.3100,89.4900
2004-06-22,90.2400,89.1300,90.0200
2004-06-23,90.8400,89.8400,90.7900
2004-06-24,90.9200,89.8400,89.9900
2004-06-25,90.2300,88.9400,89.5500
2004-06-28,89.9000,88.3600,88.7100
2004-06-29,88.4900,87.9000,88.2900
2004-06-30,88.5000,87.7000,88.1500
2004-07-01,88.4400,86.5700,87.5000
2004-07-02,87.5500,86.6000,87.0400
2004-07-06,86.7300,85.1300,85.7000
2004-07-07,85.9400,85.0500,85.3500
2004-07-08,85.0100,83.5800,83.6500
2004-07-09,84.5000,83.5100,83.8900
2004-07-12,85.2500,83.4200,84.9500
2004-07-13,86.0900,85.2000,85.2500
2004-07-14,85.2400,83.7800,84.1300
2004-07-15,84.6300,83.6100,84.0200
2004-07-16,86.4800,84.2800,84.2800
2004-07-19,85.8500,84.4000,85.3000
2004-07-20,86.4900,85.3000,86.3600
2004-07-21,87.1100,85.3000,85.3000
2004-07-22,86.4000,84.6800,86.0600
2004-07-23,86.0600,84.5000,84.8500
2004-07-26,85.5800,84.5100,85.0900
2004-07-27,86.3000,85.4500,85.8800
2004-07-28,86.2800,84.8800,85.8500
2004-07-29,87.2200,86.2300,86.7700
2004-07-30,87.4000,86.3875,87.0700
2004-08-02,87.3900,86.4200,86.6900
2004-08-03,86.8000,85.4400,85.7100
2004-08-04,86.6500,85.2500,85.9700
2004-08-05,86.4200,85.0100,85.1900
2004-08-06,84.7600,83.4200,83.4800
2004-08-09,83.9600,82.8700,83.5500
2004-08-10,84.9900,83.8100,84.9900
2004-08-11,83.9800,83.1000,83.6900
2004-08-12,83.0500,81.9000,82.2100
2004-08-13,83.9400,82.5100,83.9100
2004-08-16,84.5600,83.5100,84.0200
2004-08-17,84.5400,83.6600,84.0400
2004-08-18,85.1300,83.5700,85.1300
2004-08-19,85.3500,84.4500,84.8900
2004-08-20,85.2500,84.5200,85.2500
2004-08-23,85.4500,84.6500,84.6500
2004-08-24,85.1500,84.3500,84.7100
2004-08-25,85.2700,84.5500,85.0700
2004-08-26,85.0400,84.6900,84.6900
2004-08-27,84.9500,84.5900,84.9400
2004-08-30,84.9900,84.3900,84.4000
2004-08-31,84.6900,83.6500,84.6900
2004-09-01,85.0900,84.0100,84.2200
2004-09-02,84.7800,83.8500,84.5700
2004-09-03,84.6900,83.9600,84.3900
2004-09-07,85.4400,84.6000,84.9700
2004-09-08,86.5100,84.8800,85.8600
2004-09-09,86.7900,85.8600,86.4400
2004-09-10,87.0000,86.2500,86.7600
2004-09-13,87.2800,86.0800,86.4900
2004-09-14,86.8800,86.1500,86.7200
2004-09-15,86.5000,85.8900,86.3700
2004-09-16,86.9600,85.9300,86.1200
2004-09-17,86.5000,85.4400,85.7400
2004-09-20,86.4300,85.4000,85.7000
2004-09-21,86.1100,85.3400,85.7200
2004-09-22,85.4400,84.1700,84.3100
2004-09-23,84.2700,83.2400,83.8800
2004-09-24,84.7400,83.7800,84.4300
2004-09-27,84.4400,83.9800,84.1600
2004-09-28,84.6500,83.8800,84.4800
2004-09-29,84.9800,84.1500,84.9800
2004-09-30,85.9800,85.0100,85.7400
2004-10-01,86.9800,85.8800,86.7200
2004-10-04,88.1000,86.7200,87.1600
2004-10-05,88.0300,87.1300,87.3200
2004-10-06,88.1000,87.1000,88.0400
2004-10-07,88.1000,87.4000,87.4200
2004-10-08,87.9100,86.5100,86.7100
2004-10-11,87.2000,86.2700,86.6300
2004-10-12,86.2000,85.5800,86.0000
2004-10-13,86.4800,84.4300,84.9800
2004-10-14,84.9800,84.3000,84.7800
2004-10-15,85.2500,84.6000,84.8500
2004-10-18,86.1500,84.2900,85.9200
2004-10-19,89.7300,88.0000,89.3700
2004-10-20,89.1900,88.2900,88.8200
2004-10-21,88.7600,87.6600,88.1000
2004-10-22,88.4500,87.2900,87.3900
2004-10-25,88.9000,87.3100,88.4300
2004-10-26,89.5700,88.2500,89.0000
2004-10-27,90.2700,88.5000,90.0000
2004-10-28,90.2400,89.4300,89.5000
2004-10-29,89.9000,88.9500,89.7500
2004-11-01,90.6000,89.2300,90.1100
2004-11-02,91.2200,89.5000,90.4700
2004-11-03,91.9000,90.9700,91.2000
2004-11-04,92.7000,90.8200,92.3800
2004-11-05,93.5200,92.4000,93.2800
2004-11-08,93.7000,92.5000,93.3700
2004-11-09,93.9500,93.0000,93.3700
2004-11-10,94.3000,92.9200,93.6100
2004-11-11,95.2200,93.5400,94.7900
2004-11-12,95.5000,94.5600,95.3200
2004-11-15,96.0000,94.8000,95.9200
2004-11-16,95.5000,94.6500,94.8900
2004-11-17,96.6300,95.3000,95.4600
2004-11-18,95.7000,95.0300,95.1000
2004-11-19,95.1600,94.2500,94.4500
2004-11-22,95.4000,94.1600,95.1100
2004-11-23,95.3700,94.5500,95.2800
2004-11-24,95.7900,95.0375,95.4600
2004-11-26,95.3800,94.5800,94.7200
2004-11-29,96.3800,94.9400,95.5000
2004-11-30,95.6500,94.2400,94.2400
2004-12-01,96.0700,94.4700,95.8800
2004-12-02,96.7800,95.4900,95.7600
2004-12-03,97.6300,96.5500,97.0800
2004-12-06,97.9000,96.6500,97.6700
2004-12-07,98.2500,95.9900,96.1000
2004-12-08,97.3500,95.7700,96.6500
2004-12-09,97.6000,95.7100,97.5100
2004-12-10,97.9900,96.1000,96.6700
2004-12-13,97.2000,96.0800,96.4500
2004-12-14,97.7000,96.2884,97.3100
2004-12-15,97.7000,96.8100,97.3300
2004-12-16,98.1500,96.8000,97.4500
2004-12-17,98.0000,96.2000,96.2000
2004-12-20,97.5700,96.3500,96.5500
2004-12-21,97.1500,96.5100,97.0200
2004-12-22,97.9800,97.2900,97.6100
2004-12-23,98.0000,97.5000,97.7200
2004-12-27,97.9700,97.3800,97.5000
2004-12-28,98.5500,97.3700,98.3000
2004-12-29,98.4700,97.8000,98.1800
2004-12-30,99.0000,98.0700,98.3000
2004-12-31,98.9100,98.4900,98.5800
2005-01-03,99.1000,97.2500,97.7500
2005-01-04,98.4200,96.5200,96.7000
2005-01-05,97.8300,96.4000,96.5000
2005-01-06,96.9800,96.0500,96.2000
2005-01-07,96.8000,95.4700,95.7800
2005-01-10,96.0900,95.2400,95.6800
2005-01-11,95.7900,94.7100,95.0000
2005-01-12,95.2800,94.0600,95.2100
2005-01-13,96.2000,93.7000,94.4500
2005-01-14,94.2500,93.5500,94.1000
2005-01-18,95.3400,93.6200,94.9000
2005-01-19,95.1500,92.9300,93.1000
2005-01-20,93.8400,92.6000,93.0000
2005-01-21,93.3000,92.2300,92.3800
2005-01-24,92.8500,91.7600,91.7900
2005-01-25,92.5900,91.9500,92.1900
2005-01-26,92.8700,91.9400,91.9500
2005-01-27,92.2200,91.4400,91.9800
2005-01-28,93.5900,92.4800,92.8900
2005-01-31,93.9500,93.0500,93.4200
2005-02-01,94.0000,93.3700,93.8600
2005-02-02,94.3500,93.6300,94.3000
2005-02-03,93.9400,93.0600,93.5400
2005-02-04,94.7400,93.0000,94.5100
2005-02-07,94.9000,94.3300,94.5300
2005-02-08,94.6400,94.1300,94.1300
2005-02-09,94.8300,92.5400,92.7000
2005-02-10,93.1000,92.3000,92.7600
2005-02-11,93.9700,92.5000,93.3000
2005-02-14,94.0200,93.1600,93.5700
2005-02-15,94.6700,93.4800,94.3300
2005-02-16,94.9700,94.2000,94.6200
2005-02-17,94.7600,93.7400,93.7500
2005-02-18,94.2500,92.5500,93.2700
2005-02-22,93.5000,92.2300,92.3200
2005-02-23,92.4400,91.5500,92.1000
2005-02-24,93.0900,91.8500,92.6400
2005-02-25,92.8000,92.2900,92.8000
2005-02-28,92.7600,92.4100,92.5800
2005-03-01,93.4300,92.5900,93.3000
2005-03-02,93.7300,92.7500,92.9200
2005-03-03,93.2100,92.2000,92.4100
2005-03-04,93.1800,92.3600,92.3700
2005-03-07,92.5100,91.5900,91.6000
2005-03-08,92.5600,91.7000,92.1300
2005-03-09,93.0000,92.0100,92.3500
2005-03-10,92.8000,92.0900,92.4100
2005-03-11,92.4100,91.2000,91.5100
2005-03-14,92.0400,91.5000,91.9000
2005-03-15,92.2700,91.2000,91.3800
2005-03-16,91.4000,90.2500,90.6500
2005-03-17,90.6800,89.7000,89.8600
2005-03-18,89.9000,89.0900,89.2800
2005-03-21,90.2800,89.2700,89.5100
2005-03-22,90.3400,89.2600,89.5000
2005-03-23,91.1700,89.8200,90.5200
2005-03-24,91.5500,90.7000,90.7000
2005-03-28,91.6300,90.6200,91.0400
2005-03-29,91.0700,90.1800,90.6000
2005-03-30,90.8800,90.3200,90.6800
2005-03-31,91.4100,90.2200,91.3800
2005-04-01,91.7600,90.0400,90.4400
2005-04-04,90.6200,89.7730,90.3200
2005-04-05,90.3300,89.2600,89.5700
2005-04-06,89.3800,88.7060,89.0000
2005-04-07,89.2000,88.1000,88.4400
2005-04-08,88.4600,87.5000,87.6000
2005-04-11,87.5600,86.0900,86.2000
2005-04-12,86.2400,85.1700,85.7500
2005-04-13,85.9722,84.2400,84.5700
2005-04-14,85.4100,83.4700,83.6400
2005-04-15,79.6600,76.3300,76.7000
2005-04-18,77.7500,76.1400,76.6500
2005-04-19,77.2000,75.2500,75.4800
2005-04-20,75.8700,71.8500,72.0100
2005-04-21,74.1000,72.8000,74.0000
2005-04-22,74.7000,73.2600,74.2100
2005-04-25,75.7200,74.0500,74.6100
2005-04-26,76.9800,74.6500,75.4300
2005-04-27,77.1800,75.5000,77.0500
2005-04-28,77.1100,75.6500,75.9100
2005-04-29,77.0800,75.9100,76.3800
2005-05-02,77.2900,76.0300,76.5100
2005-05-03,76.9600,75.9300,76.4700
2005-05-04,77.2000,76.5000,77.0800
2005-05-05,78.1100,75.3300,75.5000
2005-05-06,75.9200,74.9700,75.2600
2005-05-09,75.4600,74.7100,74.9800
2005-05-10,74.7600,73.0400,73.3000
2005-05-11,73.6900,72.5100,73.2800
2005-05-12,73.8000,72.5000,72.6200
2005-05-13,73.8600,72.5200,73.1600
2005-05-16,74.4900,73.0900,74.3400
2005-05-17,74.4300,73.3300,74.2900
2005-05-18,76.8160,74.6900,76.3600
2005-05-19,77.6400,76.3700,77.1600
2005-05-20,77.2800,76.3600,76.4100
2005-05-23,76.9500,76.0000,76.5100
2005-05-24,76.5100,75.5600,75.8100
2005-05-25,76.0300,75.1700,76.0000
2005-05-26,77.4100,76.2900,77.1400
2005-05-27,77.2400,76.5300,77.1000
2005-05-31,77.4100,75.5000,75.5500
2005-06-01,77.5000,75.5700,76.8400
2005-06-02,77.3900,76.6800,77.3500
2005-06-03,77.1000,75.7400,75.7900
2005-06-06,75.9000,74.9200,75.0000
2005-06-07,76.0900,75.0000,75.0400
2005-06-08,75.4000,74.6300,74.8000
2005-06-09,75.4700,74.2300,74.9300
2005-06-10,75.0500,74.1000,74.7700
2005-06-13,75.9300,74.4500,75.0500
2005-06-14,75.4300,74.7300,74.8900
2005-06-15,76.5000,75.1500,76.3000
2005-06-16,77.2500,76.3100,77.0500
2005-06-17,77.7300,76.3800,76.3900
2005-06-20,76.9800,75.5700,76.5500
2005-06-21,77.0000,76.1100,76.4100
2005-06-22,77.4900,76.6700,77.2300
2005-06-23,76.9700,75.0600,75.4100
2005-06-24,75.4000,74.0000,74.0100
2005-06-27,74.7700,73.5000,73.8800
2005-06-28,75.3010,73.4500,75.3000
2005-06-29,75.6800,74.6200,74.7300
2005-06-30,75.4900,74.0700,74.2000
2005-07-01,75.3300,74.3000,74.6700
2005-07-05,74.9700,74.1600,74.7900
2005-07-06,76.1500,74.4000,75.8100
2005-07-07,77.5300,75.0000,77.3800
2005-07-08,79.5200,77.1400,79.3000
2005-07-11,79.5200,78.5200,78.9600
2005-07-12,80.4900,79.1800,80.0400
2005-07-13,81.7500,81.1600,81.4500
2005-07-14,82.6700,82.0000,82.4200
2005-07-15,82.7500,81.5200,82.3800
2005-07-18,83.9400,81.6800,81.8100
2005-07-19,85.1100,83.7000,83.7000
2005-07-20,84.9600,82.9900,84.6000
2005-07-21,84.9500,83.4000,84.4000
2005-07-22,84.6300,83.8600,84.4400
2005-07-25,84.5200,83.9200,84.2000
2005-07-26,84.3500,83.8500,84.1200
2005-07-27,84.1300,82.8100,83.8700
2005-07-28,83.9700,83.2700,83.8000
2005-07-29,83.9500,83.2200,83.4600
2005-08-01,83.8500,82.8500,83.4300
2005-08-02,83.8600,83.0400,83.3100
2005-08-03,84.2000,83.1100,84.0600
2005-08-04,83.8900,82.9800,83.1200
2005-08-05,83.7400,82.7300,83.3600
2005-08-08,83.8900,83.0200,83.3600
2005-08-09,83.9500,82.9400,83.5000
2005-08-10,84.0100,81.9700,82.0200
2005-08-11,82.7500,81.6200,82.6600
2005-08-12,82.5800,82.0572,82.1900
2005-08-15,82.9400,81.6100,82.5000
2005-08-16,82.4300,81.0900,81.3000
2005-08-17,81.9400,80.8400,81.3000
2005-08-18,82.0000,80.8000,81.1500
2005-08-19,83.3000,81.1600,82.7600
2005-08-22,83.3500,81.8500,82.6000
2005-08-23,83.1400,81.6000,82.0300
2005-08-24,82.4000,81.2300,81.3200
2005-08-25,81.4500,80.7200,81.1000
2005-08-26,81.0200,80.2600,80.3800
2005-08-29,81.7500,79.9000,81.3400
2005-08-30,81.0000,79.9800,80.5400
2005-08-31,80.7900,79.8700,80.6200
2005-09-01,80.3200,79.3400,79.5400
2005-09-02,80.0100,79.4600,79.4600
2005-09-06,81.1900,79.7000,81.0200
2005-09-07,81.1300,80.3200,80.9800
2005-09-08,81.5200,80.5000,80.8000
2005-09-09,81.4900,80.5200,81.4400
2005-09-12,82.1100,81.0000,81.4800
2005-09-13,81.4900,80.5200,80.7500
2005-09-14,81.4000,80.4200,80.4800
2005-09-15,80.6500,79.6700,80.0100
2005-09-16,80.5000,79.8300,80.3300
2005-09-19,79.9800,79.0100,79.4300
2005-09-20,79.6500,78.6300,78.7000
2005-09-21,78.4600,77.3700,77.5600
2005-09-22,78.5000,77.3000,78.2100
2005-09-23,78.1100,77.5000,78.0000
2005-09-26,78.4100,76.9300,77.4100
2005-09-27,78.6000,77.1600,77.9900
2005-09-28,79.7300,78.0600,79.5000
2005-09-29,80.5500,78.8700,80.3600
2005-09-30,80.5000,79.9700,80.2200
2005-10-03,80.6000,79.5000,80.4500
2005-10-04,81.4700,79.9300,80.1100
2005-10-05,80.6800,79.5600,79.8200
2005-10-06,80.2700,78.7000,79.7000
2005-10-07,81.1200,80.0900,80.5000
2005-10-10,82.1000,81.0800,81.2500
2005-10-11,83.5200,81.9700,83.1900
2005-10-12,82.9300,81.9500,82.1900
2005-10-13,83.2000,81.7000,82.2000
2005-10-14,82.7100,81.6000,82.3500
2005-10-17,82.9900,81.9300,82.5900
2005-10-18,84.6000,83.3500,83.4800
2005-10-19,84.2000,82.3800,84.1700
2005-10-20,84.1900,82.8800,83.1700
2005-10-21,84.0000,82.9100,83.3300
2005-10-24,83.6100,82.6000,83.4700
2005-10-25,83.9500,82.7100,83.3600
2005-10-26,83.8700,82.7200,82.8900
2005-10-27,82.9300,82.2500,82.3100
2005-10-28,82.4300,80.5000,81.4200
2005-10-31,82.3000,81.3000,81.8800
2005-11-01,82.1500,81.2900,81.5900
2005-11-02,81.8900,80.6400,81.0600
2005-11-03,83.0300,81.3100,82.8700
2005-11-04,83.3000,82.6454,83.0000
2005-11-07,83.8500,83.0700,83.6100
2005-11-08,83.9000,83.1100,83.1500
2005-11-09,83.3300,82.4900,82.8400
2005-11-10,84.3000,82.3000,83.9900
2005-11-11,84.8400,84.1500,84.5500
2005-11-14,85.0000,84.1100,84.3600
2005-11-15,85.9000,84.0300,85.5300
2005-11-16,86.5800,85.3900,86.5400
2005-11-17,86.9800,85.7600,86.8900
2005-11-18,88.0000,87.1700,87.7700
2005-11-21,87.8700,87.0100,87.2900
2005-11-22,88.0800,86.8800,87.9900
2005-11-23,89.3900,87.9500,88.8000
2005-11-25,89.3200,88.6200,88.8000
2005-11-28,89.4300,88.7500,89.1100
2005-11-29,89.9400,89.0200,89.1000
2005-11-30,89.6400,88.7300,88.9000
2005-12-01,89.7400,89.0500,89.2100
2005-12-02,89.1500,88.3600,88.6500
2005-12-05,88.6500,87.7100,88.4300
2005-12-06,89.8400,88.5600,89.1400
2005-12-07,89.9200,88.4500,88.7200
2005-12-08,88.9100,86.6700,87.5000
2005-12-09,87.1000,86.3300,86.9700
2005-12-12,87.3500,85.7600,85.9600
2005-12-13,84.9000,83.5000,83.7100
2005-12-14,83.9500,82.9500,83.1300
2005-12-15,83.6300,82.7500,83.5300
2005-12-16,84.0000,83.0000,83.3700
2005-12-19,83.6000,82.6500,82.7600
2005-12-20,83.1000,82.0600,82.4800
2005-12-21,84.0000,82.4600,83.1200
2005-12-22,83.2300,82.3000,83.2200
2005-12-23,84.2000,83.3900,83.4800
2005-12-27,84.5000,82.8900,82.9900
2005-12-28,83.5700,82.8000,83.0400
2005-12-29,83.0600,82.2200,82.4000
2005-12-30,82.4900,81.5600,82.2000
2006-01-03,82.5500,80.8100,82.0600
2006-01-04,82.5000,81.3300,81.9500
2006-01-05,82.9000,80.9990,82.5000
2006-01-06,85.0300,83.4100,84.9500
2006-01-09,84.2500,83.3800,83.7300
2006-01-10,84.1200,83.1200,84.0700
2006-01-11,84.8100,83.4000,84.1700
2006-01-12,83.9600,83.4000,83.5700
2006-01-13,83.4500,82.5000,83.1700
2006-01-17,83.1600,82.5400,83.0000
2006-01-18,84.7000,83.5200,84.4600
2006-01-19,84.3900,83.0200,83.0900
2006-01-20,83.0500,81.2500,81.3600
2006-01-23,81.9200,80.9200,81.4100
2006-01-24,82.1500,80.8000,80.8500
2006-01-25,81.6200,80.6100,80.9100
2006-01-26,81.6500,80.5900,80.7200
2006-01-27,81.7700,80.7500,81.0200
2006-01-30,81.8100,80.2100,81.6300
2006-01-31,82.0000,81.1700,81.3000
2006-02-01,82.2400,80.6500,81.9400
2006-02-02,81.5900,80.9000,81.2300
2006-02-03,80.7700,79.7200,79.9700
2006-02-06,79.9500,78.9300,79.5100
2006-02-07,80.1900,79.3000,79.6500
2006-02-08,80.9000,80.2400,80.8000
2006-02-09,80.8000,79.5000,80.4000
2006-02-10,81.4600,80.2000,81.3300
2006-02-13,81.9100,80.1800,80.4400
2006-02-14,81.4500,80.3500,81.0900
2006-02-15,81.5000,80.5000,80.8500
2006-02-16,80.9100,80.1300,80.9100
2006-02-17,81.0300,80.1300,80.7100
2006-02-21,80.7500,79.9700,80.5000
2006-02-22,81.6500,79.9700,81.3500
2006-02-23,81.3400,80.0400,80.2000
2006-02-24,80.6500,79.8500,80.1000
2006-02-27,80.8900,79.9500,80.6300
2006-02-28,80.5500,79.7100,80.2400
2006-03-01,80.8100,79.7800,79.9000
2006-03-02,80.2100,79.5400,79.9400
2006-03-03,80.8300,79.5100,79.9600
2006-03-06,80.6400,79.9000,80.0000
2006-03-07,80.7900,79.8600,80.2900
2006-03-08,81.6000,80.2500,81.1400
2006-03-09,81.9800,80.8000,81.0200
2006-03-10,82.2500,81.0300,81.5700
2006-03-13,82.4000,81.4500,81.9300
2006-03-14,82.9900,81.4700,82.8800
2006-03-15,83.7600,82.6400,83.3800
2006-03-16,83.7200,82.6100,82.8700
2006-03-17,83.4100,82.8200,83.3000
2006-03-20,83.7500,82.9900,83.5800
2006-03-21,84.9900,83.5800,83.8100
2006-03-22,84.6800,83.3500,84.4500
2006-03-23,84.2700,82.9300,83.2000
2006-03-24,83.7200,82.9900,83.3600
2006-03-27,83.2600,82.5800,83.0800
2006-03-28,83.3900,82.2900,82.4300
2006-03-29,83.5500,82.2000,83.1300
2006-03-30,83.7000,82.8300,83.2000
2006-03-31,83.6000,82.2900,82.4700
2006-04-03,83.5900,82.6500,83.0600
2006-04-04,83.7800,82.8000,83.4500
2006-04-05,84.4500,83.3200,84.1700
2006-04-06,84.3200,83.3600,83.8100
2006-04-07,83.8000,82.4400,82.4800
2006-04-10,82.7400,82.0000,82.1000
2006-04-11,82.0600,80.7500,81.1600
2006-04-12,81.3700,80.6300,80.7500
2006-04-13,82.6000,81.1200,81.9800
2006-04-17,82.9200,81.4000,81.6400
2006-04-18,83.5300,81.7000,83.3100
2006-04-19,84.0000,81.2600,81.8600
2006-04-20,82.8500,81.6400,82.0200
2006-04-21,82.5000,81.3800,81.6600
2006-04-24,82.4100,81.1000,82.1100
2006-04-25,82.9000,81.6000,82.6700
2006-04-26,83.4800,82.7100,83.3500
2006-04-27,84.4000,82.7000,83.8800
2006-04-28,83.6200,81.9800,82.3400
2006-05-01,83.3100,82.1000,82.2300
2006-05-02,82.7400,82.0000,82.4200
2006-05-03,83.2900,82.4500,82.7000
2006-05-04,83.0900,82.4000,82.4300
2006-05-05,83.5500,82.7000,82.9800
2006-05-08,83.2200,82.3000,82.8900
2006-05-09,83.2900,82.4050,83.2300
2006-05-10,83.3300,82.6000,82.9000
2006-05-11,83.0900,82.4500,82.4600
2006-05-12,83.6900,82.3000,82.3900
2006-05-15,83.1500,81.8000,82.8900
2006-05-16,83.2500,82.0700,82.1600
2006-05-17,82.2117,81.0200,81.2700
2006-05-18,81.3500,80.0300,80.6600
2006-05-19,81.0000,79.5100,80.2800
2006-05-22,80.3400,79.4000,80.0200
2006-05-23,81.3000,79.0000,79.8300
2006-05-24,80.0400,79.0600,79.7800
2006-05-25,80.1800,79.6500,80.1400
2006-05-26,80.8600,79.7000,80.7500
2006-05-30,80.9600,80.1500,80.1600
2006-05-31,80.8300,79.6100,79.9000
2006-06-01,80.8700,79.8100,80.6900
2006-06-02,80.5600,79.1500,79.5200
2006-06-05,80.0400,79.0100,79.0600
2006-06-06,79.9000,78.5000,79.7600
2006-06-07,80.7400,79.1200,79.1500
2006-06-08,79.5800,76.7500,77.0300
2006-06-09,78.1000,77.0500,78.0100
2006-06-12,78.0900,76.8500,77.0200
2006-06-13,77.9300,76.8200,76.9300
2006-06-14,77.8500,76.9300,77.7100
2006-06-15,78.7800,76.9500,78.5600
2006-06-16,78.5300,77.5700,77.9500
2006-06-19,78.3000,77.3400,77.6700
2006-06-20,78.3000,77.2500,77.9900
2006-06-21,78.5600,77.9800,78.3000
2006-06-22,78.3700,77.0000,77.1900
2006-06-23,77.8400,76.9400,77.1000
2006-06-26,77.5200,76.8000,77.1500
2006-06-27,77.6000,76.3200,76.6300
2006-06-28,76.6500,76.0600,76.5600
2006-06-29,77.8000,76.5600,77.5900
2006-06-30,77.9300,76.7900,76.8200
2006-07-03,78.2700,77.2700,78.0200
2006-07-05,78.3900,77.5200,77.7700
2006-07-06,78.5300,77.5700,78.0900
2006-07-07,78.0900,76.1200,76.4200
2006-07-10,76.8300,75.8700,76.6700
2006-07-11,76.6499,75.4400,76.4700
2006-07-12,76.3000,74.8200,75.4800
2006-07-13,75.2800,73.8300,74.2400
2006-07-14,74.3000,73.3700,73.5700
2006-07-17,73.9400,73.2000,73.7000
2006-07-18,75.4200,72.7300,74.2600
2006-07-19,77.0600,76.0000,76.0700
2006-07-20,75.8800,75.2000,75.4800
2006-07-21,75.5000,74.5000,74.8600
2006-07-24,76.1500,74.9200,75.9900
2006-07-25,76.4100,75.3100,75.8900
2006-07-26,76.3000,75.3600,75.8300
2006-07-27,77.2900,75.7500,76.1500
2006-07-28,77.3000,76.2600,76.9600
2006-07-31,77.5000,76.1500,77.4100
2006-08-01,77.3800,75.7500,76.1400
2006-08-02,76.9300,76.2000,76.3200
2006-08-03,76.7300,74.9000,76.3300
2006-08-04,76.7700,75.3200,75.9100
2006-08-07,76.2000,75.2800,75.5200
2006-08-08,76.2600,75.1116,75.3300
2006-08-09,76.2800,75.3900,75.3900
2006-08-10,76.0800,75.0500,75.7400
2006-08-11,75.7800,75.2000,75.4800
2006-08-14,77.4900,75.6000,76.6800
2006-08-15,77.1400,76.3100,77.0800
2006-08-16,79.2800,77.3500,79.0900
2006-08-17,79.5600,78.5300,79.3700
2006-08-18,79.9700,78.6300,79.9000
2006-08-21,79.8800,78.8700,79.2800
2006-08-22,79.5500,78.6100,78.9500
2006-08-23,79.4700,78.4200,78.6700
2006-08-24,79.5000,78.8700,79.3800
2006-08-25,80.0000,79.1400,79.8800
2006-08-28,80.4700,79.7600,80.3200
2006-08-29,81.4800,80.0600,81.4000
2006-08-30,81.6800,80.8400,81.2200
2006-08-31,81.5000,80.7800,80.9700
2006-09-01,81.5700,80.8100,81.4100
2006-09-05,81.5400,80.6000,80.8500
2006-09-06,80.6900,80.1700,80.2800
2006-09-07,80.3800,79.3100,79.4000
2006-09-08,80.8600,79.3500,80.6600
2006-09-11,81.2000,80.2500,80.9300
2006-09-12,82.5000,81.0600,82.2800
2006-09-13,82.7000,81.8400,82.2100
2006-09-14,83.0000,81.7400,82.4700
2006-09-15,83.5900,82.7900,82.9400
2006-09-18,83.2100,82.1700,82.2400
2006-09-19,82.0900,81.4200,81.8700
2006-09-20,83.7900,82.2000,83.4200
2006-09-21,83.2500,81.3500,81.6100
2006-09-22,82.1200,81.0100,81.2100
2006-09-25,82.2800,81.2800,82.0000
2006-09-26,82.6600,81.7000,82.5000
2006-09-27,82.6700,81.7100,82.0900
2006-09-28,82.3500,81.7200,81.9900
2006-09-29,82.7900,81.7700,81.9400
2006-10-02,82.4700,81.5800,81.8700
2006-10-03,82.2600,81.5600,81.6500
2006-10-04,83.2500,81.6310,83.1000
2006-10-05,83.2100,82.6000,82.9200
2006-10-06,83.7800,82.5000,83.1400
2006-10-09,84.0800,83.0000,84.0000
2006-10-10,84.6300,83.5600,84.1900
2006-10-11,84.6869,83.7900,84.1900
2006-10-12,84.9000,84.1000,84.7000
2006-10-13,86.2100,84.4400,86.0800
2006-10-16,87.6000,85.7500,86.7100
2006-10-17,87.9400,86.2200,86.9500
2006-10-18,92.0400,89.7300,89.8200
2006-10-19,90.9800,89.3100,89.8600
2006-10-20,90.7000,89.5500,90.4800
2006-10-23,92.0000,90.0100,91.5600
2006-10-24,91.9500,90.8000,91.4900
2006-10-25,91.9900,90.9400,91.8300
2006-10-26,91.9300,91.2500,91.5400
2006-10-27,91.8900,90.5800,90.7600
2006-10-30,92.0000,89.8000,91.5000
2006-10-31,92.6800,91.5000,92.3300
2006-11-01,92.6800,91.5000,91.8000
2006-11-02,91.9500,91.2500,91.6800
2006-11-03,92.3400,91.1816,91.4100
2006-11-06,92.7400,91.5000,92.6000
2006-11-07,93.4000,92.4100,92.4500
2006-11-08,92.9200,92.0100,92.5900
2006-11-09,93.1900,92.3700,92.4200
2006-11-10,92.3500,91.6300,91.7600
2006-11-13,92.4300,91.4100,92.0700
2006-11-14,93.2900,91.6500,93.2900
2006-11-15,93.2800,92.5400,93.1100
2006-11-16,93.6000,92.6000,93.4700
2006-11-17,94.0500,93.3100,93.8100
2006-11-20,93.8000,93.0100,93.2500
2006-11-21,93.4300,92.8500,93.0800
2006-11-22,93.7400,92.8000,93.5200
2006-11-24,93.7500,92.9800,93.3500
2006-11-27,93.2400,91.1200,91.4500
2006-11-28,91.5700,90.4300,91.3500
2006-11-29,91.6600,91.0100,91.5200
2006-11-30,92.4800,91.2500,91.9200
2006-12-01,91.9100,90.5500,91.2500
2006-12-04,93.9500,92.2500,93.5100
2006-12-05,94.6400,93.4400,94.4800
2006-12-06,94.8700,94.0100,94.1200
2006-12-07,94.4300,93.5521,94.2300
2006-12-08,94.3900,93.4700,93.8600
2006-12-11,94.3500,93.5600,93.6400
2006-12-12,94.8500,93.3000,94.1200
2006-12-13,95.3300,94.5000,94.7700
2006-12-14,95.7200,94.5400,95.3600
2006-12-15,95.8000,95.0500,95.3000
2006-12-18,96.1600,94.8000,95.4400
2006-12-19,96.3900,94.9100,96.0000
2006-12-20,96.5000,95.7000,96.0000
2006-12-21,96.5000,95.5300,95.9100
2006-12-22,95.9800,95.2400,95.2500
2006-12-26,95.8100,94.9200,95.6600
2006-12-27,97.2300,96.2728,97.2000
2006-12-28,97.4000,96.8700,96.9700
2006-12-29,97.8800,96.8300,97.1500
2007-01-03,98.4000,96.2600,97.2700
2007-01-04,98.7900,96.8800,98.3100
2007-01-05,97.9500,96.9100,97.4200
2007-01-08,99.5000,98.3500,98.9000
2007-01-09,100.3300,99.0700,100.0700
2007-01-10,99.0500,97.9300,98.8900
2007-01-11,99.9000,98.5000,98.6500
2007-01-12,99.6900,98.5000,99.3400
2007-01-16,100.8400,99.3000,100.8200
2007-01-17,100.9000,99.9000,100.0200
2007-01-18,99.9500,98.9100,99.4500
2007-01-19,96.8500,94.5500,96.1700
2007-01-22,97.2300,96.1200,97.1100
2007-01-23,97.3800,96.2000,97.0800
2007-01-24,97.5800,96.5800,97.4000
2007-01-25,97.9200,97.2200,97.5100
2007-01-26,97.8300,96.8400,97.4500
2007-01-29,98.6600,97.4500,98.5400
2007-01-30,99.4500,98.5000,99.3700
2007-01-31,99.4800,98.3500,99.1500
2007-02-01,99.1800,97.9600,99.0000
2007-02-02,99.7300,98.8800,99.1700
2007-02-05,100.4400,98.9000,100.3800
2007-02-06,100.4000,99.5400,99.5500
2007-02-07,100.3600,99.1200,99.5400
2007-02-08,99.7400,98.6500,99.6200
2007-02-09,99.7000,97.8100,98.5500
2007-02-12,99.2000,98.2200,98.5800
2007-02-13,98.7400,97.8000,98.2900
2007-02-14,99.4300,98.2500,99.2000
2007-02-15,99.5200,98.4800,98.9200
2007-02-16,99.2500,98.6300,98.9900
2007-02-20,99.4600,98.5500,99.3500
2007-02-21,99.3700,98.7000,99.0900
2007-02-22,99.5000,97.7700,98.5000
2007-02-23,98.4400,97.4100,97.7300
2007-02-26,97.8600,96.4600,96.9100
2007-02-27,96.0100,92.8800,93.9600
2007-02-28,94.0900,92.4700,92.9400
2007-03-01,93.0500,88.7700,92.2700
2007-03-02,92.3700,90.8400,90.9000
2007-03-05,92.1500,90.1000,91.8100
2007-03-06,93.8900,92.2600,93.8000
2007-03-07,94.8500,93.6200,93.9400
2007-03-08,94.8200,92.5190,93.0000
2007-03-09,94.0000,92.8200,93.2800
2007-03-12,94.1700,92.9700,94.1100
2007-03-13,94.4700,92.6200,92.7100
2007-03-14,94.0300,92.1000,93.7600
2007-03-15,93.9700,93.1000,93.4500
2007-03-16,94.4500,93.0200,93.2500
2007-03-19,94.3200,93.3900,93.9900
2007-03-20,94.5300,93.5500,94.5000
2007-03-21,95.8100,93.8300,95.3600
2007-03-22,95.4400,94.6500,95.1900
2007-03-23,95.2200,94.6500,95.0300
2007-03-26,95.2500,94.3200,95.0000
2007-03-27,95.0300,94.2000,94.7300
2007-03-28,95.0200,93.8000,94.2600
2007-03-29,95.1100,93.9600,94.5700
2007-03-30,94.7500,93.5700,94.2600
2007-04-02,95.5000,94.0600,95.2100
2007-04-03,96.2300,95.3300,96.1000
2007-04-04,96.4500,95.5700,96.2100
2007-04-05,96.7500,95.7500,96.5200
2007-04-09,96.9400,96.1200,96.6200
2007-04-10,96.8000,96.1642,96.4600
2007-04-11,96.7000,94.9500,95.1600
2007-04-12,95.8200,94.5300,95.6700
2007-04-13,95.7500,94.5900,94.9300
2007-04-16,96.3000,94.7200,96.1800
2007-04-17,97.6600,96.0200,97.1200
2007-04-18,95.9100,94.4000,94.8000
2007-04-19,94.8700,94.0000,94.2900
2007-04-20,95.1500,93.9110,94.5800
2007-04-23,95.7300,95.0500,95.2100
2007-04-24,99.9000,97.2300,98.4900
2007-04-25,101.7000,98.7300,101.4600
2007-04-26,101.5000,100.2100,100.9000
2007-04-27,101.1700,100.0600,101.1700
2007-04-30,103.0000,100.9700,102.2100
2007-05-01,103.1700,102.0500,103.1700
2007-05-02,103.1400,102.1300,102.2200
2007-05-03,103.0000,101.3500,102.8000
2007-05-04,103.0300,102.2500,102.9600
2007-05-07,103.1700,102.4000,102.7600
2007-05-08,103.3900,102.2100,103.2900
2007-05-09,104.7500,103.7000,104.3800
2007-05-10,105.1100,103.7100,104.6800
2007-05-11,105.9900,104.6700,105.9800
2007-05-14,106.2500,104.7900,105.5700
2007-05-15,105.8000,104.7000,104.8300
2007-05-16,105.8900,104.5300,105.8700
2007-05-17,106.2300,104.7300,105.3100
2007-05-18,108.0500,105.6000,107.9900
2007-05-21,108.0000,106.8700,107.0400
2007-05-22,107.2500,106.0100,106.7000
2007-05-23,107.0000,105.2500,105.5800
2007-05-24,105.9800,103.5700,103.9500
2007-05-25,105.4300,103.8500,105.1800
2007-05-29,106.6300,105.3000,105.9100
2007-05-30,107.1000,105.2100,106.9300
2007-05-31,107.6700,106.0000,106.6000
2007-06-01,107.2400,106.0200,106.5400
2007-06-04,106.5900,105.5800,106.2300
2007-06-05,106.5500,105.5400,105.8400
2007-06-06,105.5100,102.3900,102.4100
2007-06-07,103.1700,101.5600,101.8000
2007-06-08,103.2100,101.7500,103.0700
2007-06-11,104.0000,102.5000,103.2200
2007-06-12,103.1800,102.1500,102.3400
2007-06-13,103.2600,102.1000,103.1200
2007-06-14,104.2400,102.8100,103.8500
2007-06-15,105.1900,103.8800,105.0900
2007-06-18,105.6500,104.8900,105.3300
2007-06-19,106.6600,104.9000,106.5000
2007-06-20,107.0200,105.9500,106.0000
2007-06-21,107.0000,105.6100,106.6000
2007-06-22,106.4400,104.4400,104.4400
2007-06-25,105.7700,104.5000,105.1000
2007-06-26,106.0600,104.8200,105.3300
2007-06-27,105.4700,104.4000,105.4300
2007-06-28,106.9200,105.2200,105.9500
2007-06-29,106.5800,104.1000,105.2500
2007-07-02,105.8000,104.5800,105.0100
2007-07-03,107.0800,105.2400,106.5800
2007-07-05,108.3900,105.9800,108.0500
2007-07-06,109.6600,107.6600,109.0300
2007-07-09,109.3500,108.2000,108.9700
2007-07-10,109.1500,108.2500,108.6300
2007-07-11,109.6000,108.2500,109.1000
2007-07-12,109.6500,108.2200,109.2800
2007-07-13,109.2000,108.1000,108.6000
2007-07-16,110.0400,108.4200,109.6600
2007-07-17,111.4700,109.4500,110.7700
2007-07-18,111.8800,110.0400,111.0800
2007-07-19,116.4800,114.6500,115.8600
2007-07-20,115.8600,113.9400,114.8100
2007-07-23,116.4300,114.8500,116.3800
2007-07-24,117.0000,115.0200,116.1700
2007-07-25,118.3800,115.2400,118.1000
2007-07-26,118.8200,115.5200,116.5300
2007-07-27,117.9500,115.6200,115.6200
2007-07-30,115.7500,113.5200,114.5200
2007-07-31,114.7200,110.0200,110.6500
2007-08-01,112.7300,110.0600,112.0400
2007-08-02,114.0500,111.5000,113.2300
2007-08-03,114.1800,111.7000,111.8900
2007-08-06,113.8900,111.7000,113.8900
2007-08-07,114.1700,112.2500,113.5300
2007-08-08,114.6000,112.2600,112.9800
2007-08-09,114.4900,110.7300,110.7300
2007-08-10,113.5000,109.7000,112.6400
2007-08-13,113.9500,112.3100,112.7100
2007-08-14,113.1500,111.7400,112.0500
2007-08-15,112.8500,109.9100,111.2300
2007-08-16,111.4200,103.7000,109.6900
2007-08-17,112.6700,108.6600,110.9000
2007-08-20,111.1000,109.1300,109.2200
2007-08-21,110.1100,108.0800,109.0400
2007-08-22,110.5000,109.1500,110.0000
2007-08-23,111.6800,110.0100,111.4500
2007-08-24,113.2500,110.8100,113.2400
2007-08-27,113.8500,112.8000,113.4400
2007-08-28,113.5900,111.6300,112.0000
2007-08-29,114.9800,112.0700,114.5700
2007-08-30,116.0000,113.6200,115.3700
2007-08-31,117.3500,115.5500,116.6900
2007-09-04,118.8900,116.1500,118.1900
2007-09-05,118.1500,116.5500,117.8800
2007-09-06,118.7500,116.2400,117.6200
2007-09-07,116.9700,115.3300,115.5500
2007-09-10,117.5000,115.3200,115.8000
2007-09-11,117.7800,116.0400,117.3500
2007-09-12,117.4000,115.6900,116.0000
2007-09-13,117.0000,115.7400,115.9500
2007-09-14,116.0000,114.6500,115.1300
2007-09-17,115.2500,114.3000,114.5200
2007-09-18,116.7800,114.8300,116.6300
2007-09-19,117.1900,115.7800,116.6700
2007-09-20,117.6500,116.2000,116.8600
2007-09-21,118.1000,116.3500,116.7800
2007-09-24,117.4300,115.8500,116.2500
2007-09-25,117.5900,115.7900,116.5100
2007-09-26,118.0800,116.7500,117.3000
2007-09-27,118.2100,117.0400,117.7100
2007-09-28,118.5000,117.1000,117.8000
2007-10-01,119.5000,117.5000,119.0300
2007-10-02,119.6000,118.1400,118.3600
2007-10-03,117.8400,116.2800,116.4000
2007-10-04,116.7500,115.0000,115.6900
2007-10-05,116.7100,115.4700,116.3000
2007-10-08,118.2300,115.8800,117.7700
2007-10-09,118.5000,116.4200,118.3000
2007-10-10,118.8000,117.6800,118.6200
2007-10-11,121.4600,117.3700,118.0500
2007-10-12,118.8900,117.2800,117.8100
2007-10-15,118.3700,116.7500,118.0300
2007-10-16,119.9400,117.5000,119.6000
2007-10-17,118.0100,114.1500,115.7800
2007-10-18,116.4100,114.4400,114.8000
2007-10-19,114.9300,111.8000,112.2800
2007-10-22,113.8800,110.9600,113.3700
2007-10-23,114.8000,113.5000,114.6800
2007-10-24,114.4500,111.6800,112.9500
2007-10-25,114.4000,111.6900,112.8100
2007-10-26,114.0000,112.0700,113.7300
2007-10-29,115.0100,113.8500,114.8000
2007-10-30,114.9000,113.7500,114.1200
2007-10-31,116.2500,113.2800,116.1200
2007-11-01,116.0900,113.3200,113.6500
2007-11-02,115.1500,113.5700,114.5900
2007-11-05,115.1100,112.8300,113.4000
2007-11-06,113.9500,111.6700,113.1700
2007-11-07,113.6400,110.9000,111.0800
2007-11-08,110.3200,103.9900,106.1100
2007-11-09,104.9200,99.2700,100.2542
2007-11-12,104.1900,100.7000,101.4500
2007-11-13,105.7400,102.5000,105.2700
2007-11-14,106.4200,102.8400,103.4400
2007-11-15,105.6400,103.0500,103.6000
2007-11-16,105.0000,103.2500,104.7900
2007-11-19,105.3900,101.3400,102.2200
2007-11-20,104.9700,101.3800,103.4200
2007-11-21,104.0900,101.4100,102.2200
2007-11-23,104.1400,102.3200,104.0500
2007-11-26,105.1500,101.7200,101.9700
2007-11-27,104.5800,101.5000,103.8300
2007-11-28,108.2700,104.3600,107.3700
2007-11-29,107.8700,106.2500,107.5000
2007-11-30,109.1900,103.9300,105.1800
2007-12-03,107.1400,104.5800,105.8300
2007-12-04,107.4200,104.7200,106.6300
2007-12-05,108.5200,106.9800,108.1600
2007-12-06,110.0000,107.9300,109.7000
2007-12-07,110.0000,107.9500,108.8600
2007-12-10,110.2600,109.0000,109.3900
2007-12-11,110.4000,106.4600,106.9900
2007-12-12,110.2000,107.3800,108.4700
2007-12-13,108.6400,106.9400,108.1800
2007-12-14,107.5600,104.1000,105.7700
2007-12-17,105.9900,104.0000,104.5300
2007-12-18,106.9700,104.1300,106.3100
2007-12-19,108.3800,105.8700,107.1400
2007-12-20,109.4900,107.6100,108.8400
2007-12-21,111.1600,109.1500,111.0500
2007-12-24,112.0000,110.5500,111.6500
2007-12-26,112.1900,110.9000,111.5600
2007-12-27,111.3000,109.4900,109.6000
2007-12-28,110.7600,109.1080,110.0900
2007-12-31,110.0000,107.2600,108.1000
2008-01-02,108.9900,104.1700,104.6900
2008-01-03,105.5700,103.9800,104.9000
2008-01-04,103.9500,100.4800,101.1300
2008-01-07,101.0000,99.0300,100.0500
2008-01-08,100.3800,97.1700,97.5900
2008-01-09,99.1500,97.1600,98.3100
2008-01-10,100.8600,97.1500,99.9200
2008-01-11,99.4600,97.0400,97.6700
2008-01-14,105.5900,101.3300,102.9300
2008-01-15,104.6400,101.2300,101.8300
2008-01-16,102.8600,100.1400,101.6300
2008-01-17,103.4500,100.0500,101.1000
2008-01-18,106.7200,102.5000,103.4000
2008-01-22,103.0900,98.5500,101.2200
2008-01-23,106.3350,98.5000,106.1000
2008-01-24,107.5100,104.6800,106.9100
2008-01-25,107.7900,104.1000,104.5200
2008-01-28,105.7700,103.8300,104.9800
2008-01-29,106.8000,104.6000,106.1000
2008-01-30,107.6500,104.8550,105.6500
2008-01-31,107.9700,103.7000,107.1100
2008-02-01,109.4000,105.8600,109.0800
2008-02-04,109.0000,106.4567,107.9300
2008-02-05,108.0500,104.6800,105.0200
2008-02-06,106.4900,103.5800,103.5900
2008-02-07,104.0000,100.6000,102.3400
2008-02-08,103.6700,102.0700,103.2700
2008-02-11,105.5500,102.8700,105.1400
2008-02-12,107.3300,104.7000,106.5300
2008-02-13,108.9300,106.8000,108.4200
2008-02-14,108.5000,105.5000,106.1300
2008-02-15,106.2500,105.0000,106.1600
2008-02-19,107.6200,104.6400,105.0000
2008-02-20,108.2100,104.5300,107.8500
2008-02-21,109.6000,106.4300,106.9300
2008-02-22,108.4800,105.7100,108.0700
2008-02-25,110.3200,107.4300,110.0800
2008-02-26,114.9900,109.0500,114.3800
2008-02-27,116.6300,112.9100,116.4600
2008-02-28,115.9000,114.5600,115.2400
2008-02-29,115.1400,113.3500,113.8600
2008-03-03,114.8100,113.4800,114.2300
2008-03-04,115.7200,112.7500,115.7100
2008-03-05,116.4100,114.2500,115.3900
2008-03-06,115.1500,112.2500,112.5200
2008-03-07,114.7500,111.8000,113.9400
2008-03-10,115.9900,113.1200,114.0100
2008-03-11,116.5600,114.0400,116.4900
2008-03-12,118.0000,115.1100,117.0700
2008-03-13,116.7800,113.6400,115.9100
2008-03-14,116.5200,112.6900,115.2301
2008-03-17,117.0400,113.0000,115.5500
2008-03-18,118.4300,113.8100,118.4100
2008-03-19,118.5000,116.6500,116.9400
2008-03-20,118.4800,116.6500,118.3300
2008-03-24,119.7900,118.1300,119.0600
2008-03-25,119.1000,117.1500,117.9700
2008-03-26,117.9700,114.9600,116.9100
2008-03-27,116.2000,114.5100,115.5200
2008-03-28,116.7500,114.2100,114.5700
2008-03-31,115.8700,113.3400,115.1400
2008-04-01,118.3700,114.9700,116.4900
2008-04-02,116.8800,113.9800,114.8100
2008-04-03,116.8200,113.8600,116.0200
2008-04-04,116.5800,114.6000,115.7600
2008-04-07,117.3700,115.8200,116.3100
2008-04-08,116.8800,115.2800,116.2700
2008-04-09,117.7200,115.7200,116.7700
2008-04-10,119.2200,116.8789,118.7800
2008-04-11,117.8000,115.5100,116.0000
2008-04-14,117.9400,115.9500,117.2800
2008-04-15,117.6700,115.5400,117.1700
2008-04-16,120.4700,117.1700,120.4700
2008-04-17,123.7200,120.7000,123.0800
2008-04-18,125.0000,123.1500,124.4000
2008-04-21,124.5100,122.0500,124.3500
2008-04-22,124.3500,123.0100,123.6700
2008-04-23,124.7800,122.6400,123.6000
2008-04-24,124.9000,122.7300,124.1900
2008-04-25,124.5000,122.0600,123.0800
2008-04-28,123.0500,121.6400,121.6900
2008-04-29,123.2000,122.0400,122.8500
2008-04-30,123.5000,120.5000,120.7000
2008-05-01,124.4300,121.0600,123.6100
2008-05-02,124.0000,121.7600,123.1800
2008-05-05,123.2500,121.7400,122.0300
2008-05-06,123.3400,120.7800,122.8200
2008-05-07,124.9800,122.4100,124.1400
2008-05-08,125.1700,123.7000,124.9200
2008-05-09,124.6500,123.6300,124.0600
2008-05-12,125.9900,123.5600,125.2400
2008-05-13,126.7000,125.0300,126.5800
2008-05-14,128.8300,126.2000,127.5200
2008-05-15,128.6800,126.9000,128.4600
2008-05-16,128.4750,126.8000,127.8200
2008-05-19,128.2100,126.0500,126.4900
2008-05-20,126.0500,124.4500,125.1800
2008-05-21,126.4000,123.0200,123.6200
2008-05-22,125.3500,123.5500,124.7000
2008-05-23,124.9100,123.7700,124.2000
2008-05-27,127.3800,124.0000,127.3200
2008-05-28,129.5400,126.9900,129.5400
2008-05-29,129.9900,128.6600,129.7100
2008-05-30,129.9900,128.8000,129.4300
2008-06-02,129.3700,126.7000,127.3600
2008-06-03,129.0000,127.4600,127.8400
2008-06-04,128.5000,126.4500,127.5500
2008-06-05,129.0400,127.2000,128.4700
2008-06-06,128.1400,124.7400,124.9400
2008-06-09,126.1800,124.0600,125.8600
2008-06-10,126.7220,124.6300,125.9400
2008-06-11,125.9000,122.8600,123.2500
2008-06-12,125.0900,123.1300,123.8500
2008-06-13,126.5700,124.1500,126.1500
2008-06-16,127.1400,124.6466,126.7100
2008-06-17,127.1000,124.6200,125.1000
2008-06-18,125.4312,123.7000,124.1600
2008-06-19,125.6200,122.3600,125.0200
2008-06-20,125.0200,122.5000,122.7400
2008-06-23,124.5000,122.4000,123.4600
2008-06-24,124.2500,121.9000,123.4600
2008-06-25,125.8300,123.2000,124.5800
2008-06-26,123.8200,120.7600,121.1300
2008-06-27,122.0500,118.2600,120.0500
2008-06-30,120.2200,118.1500,118.5300
2008-07-01,119.3600,116.6000,119.2700
2008-07-02,120.5500,118.1200,119.1000
2008-07-03,120.7800,117.8900,119.5400
2008-07-07,122.6400,119.6200,121.5000
2008-07-08,123.9900,120.5500,123.8800
2008-07-09,124.5000,120.4000,120.4000
2008-07-10,123.5400,120.6600,123.1800
2008-07-11,123.7400,120.5700,122.1200
2008-07-14,124.2500,121.2400,121.5400
2008-07-15,124.5000,119.9000,123.2000
2008-07-16,126.8900,122.2500,125.9400
2008-07-17,126.9600,124.0000,126.5200
2008-07-18,130.0000,125.4200,129.8900
2008-07-21,129.9000,127.6400,128.6600
2008-07-22,130.0000,127.2600,130.0000
2008-07-23,130.3300,128.2900,129.5200
2008-07-24,130.9300,128.8000,130.0000
2008-07-25,129.9000,128.0000,128.5300
2008-07-28,128.4400,126.1300,126.2500
2008-07-29,128.1680,126.2500,127.6600
2008-07-30,129.0000,127.0900,128.8600
2008-07-31,129.5000,127.7400,127.9800
2008-08-01,129.3000,126.2800,126.6400
2008-08-04,128.1000,126.2500,127.5600
2008-08-05,128.9000,127.0800,128.8700
2008-08-06,129.5000,127.7500,129.1600
2008-08-07,129.9700,127.9000,129.0500
2008-08-08,129.8800,127.6300,128.8100
2008-08-11,128.4300,125.7500,126.6000
2008-08-12,126.5000,124.4000,125.2200
2008-08-13,126.9900,124.7500,125.8000
2008-08-14,128.2500,124.8000,126.9400
2008-08-15,127.1900,125.3500,126.3600
2008-08-18,127.0000,123.6800,124.5900
2008-08-19,124.7900,122.0100,122.5600
2008-08-20,123.9700,122.0100,122.5100
2008-08-21,123.4300,121.5500,122.9900
2008-08-22,125.3500,122.8000,124.9300
2008-08-25,124.9300,122.7000,122.8600
2008-08-26,122.8500,121.5000,122.5000
2008-08-27,124.8500,122.1800,123.3800
2008-08-28,125.4500,123.5800,124.5800
2008-08-29,123.9900,121.6300,121.7300
2008-09-02,124.0000,117.9000,118.4100
2008-09-03,118.6500,115.1500,118.3400
2008-09-04,118.9000,114.9000,115.0000
2008-09-05,115.0900,113.1700,114.3300
2008-09-08,118.2800,115.1400,117.2900
2008-09-09,118.1000,115.0000,115.0400
2008-09-10,119.9500,116.1000,118.0400
2008-09-11,119.3700,116.1100,119.2000
2008-09-12,119.2800,116.8200,118.9700
2008-09-15,118.4100,115.1900,115.1900
2008-09-16,117.6400,113.3200,116.0500
2008-09-17,115.5000,110.6100,111.4700
2008-09-18,118.5900,111.0400,115.1200
2008-09-19,124.0000,117.5000,118.8500
2008-09-22,120.1400,116.0200,116.2100
2008-09-23,118.1700,114.1400,115.3600
2008-09-24,118.1700,114.2600,116.4600
2008-09-25,121.9900,116.1200,120.1100
2008-09-26,121.0100,117.0100,119.4200
2008-09-29,118.4300,109.9500,114.4600
2008-09-30,116.9600,111.8100,116.9600
2008-10-01,116.8000,107.7500,110.1300
2008-10-02,109.9700,103.0400,104.7400
2008-10-03,110.9500,103.0300,103.4400
2008-10-06,103.0000,96.6000,100.6200
2008-10-07,102.6200,94.2400,95.6500
2008-10-08,97.4800,89.9800,90.5500
2008-10-09,95.3100,88.2300,89.0000
2008-10-10,91.6600,83.5100,87.7500
2008-10-13,93.6100,86.9500,92.2100
2008-10-14,99.0000,92.0000,93.6000
2008-10-15,95.2900,87.7100,88.2900
2008-10-16,92.0000,84.3500,91.5200
2008-10-17,95.9100,87.7100,90.7800
2008-10-20,93.3100,89.3300,92.5100
2008-10-21,92.4600,88.5700,88.8600
2008-10-22,87.5900,80.8000,83.6000
2008-10-23,85.8900,81.0000,84.3500
2008-10-24,84.3100,78.8200,82.0700
2008-10-27,84.5000,79.0100,79.6600
2008-10-28,87.6100,79.5200,87.2800
2008-10-29,91.0000,86.2500,88.2000
2008-10-30,92.4000,88.9000,90.6900
2008-10-31,94.1900,89.0300,92.9700
2008-11-03,94.6700,92.1700,92.6800
2008-11-04,94.7600,92.0700,93.4000
2008-11-05,93.4000,89.7000,89.9400
2008-11-06,88.8300,84.2800,85.1500
2008-11-07,86.7100,84.2500,86.2700
2008-11-10,88.1000,82.7400,83.8700
2008-11-11,84.2900,80.2500,82.7400
2008-11-12,82.4000,79.5700,79.7400
2008-11-13,84.3900,75.4000,84.2100
2008-11-14,85.4000,79.5000,80.3300
2008-11-17,79.7400,77.1600,77.4800
2008-11-18,80.9300,77.0000,80.0800
2008-11-19,81.0000,75.7300,75.9700
2008-11-20,78.3900,70.5100,71.7400
2008-11-21,76.9800,69.5000,74.8800
2008-11-24,82.0900,75.0000,79.8900
2008-11-25,82.4000,78.2200,80.6500
2008-11-26,81.7900,78.6100,81.6700
2008-11-28,81.9000,80.1000,81.6000
2008-12-01,81.3600,76.7900,76.9000
2008-12-02,80.0000,76.1400,79.8400
2008-12-03,81.0000,76.9900,80.6700
2008-12-04,80.8300,76.1800,77.4400
2008-12-05,81.5000,75.3100,80.5900
2008-12-08,85.8800,81.7300,84.8600
2008-12-09,85.4340,82.2000,82.6900
2008-12-10,84.9900,81.8300,82.8600
2008-12-11,82.8600,79.7700,80.5800
2008-12-12,82.9400,78.0600,82.2000
2008-12-15,83.5400,80.0000,82.7700
2008-12-16,86.8400,82.8700,86.4000
2008-12-17,87.2700,84.6566,85.8400
2008-12-18,86.6400,82.9600,84.0000
2008-12-19,85.2200,82.9700,83.5200
2008-12-22,83.4500,80.3200,81.9900
2008-12-23,82.8100,80.1300,80.6000
2008-12-24,81.2200,79.9200,80.5200
2008-12-26,81.8000,80.5500,81.3300
2008-12-29,81.7200,79.6800,81.2500
2008-12-30,83.6400,81.5200,83.5500
2008-12-31,85.0000,83.5000,84.1600
2009-01-02,87.5900,83.8900,87.3700
2009-01-05,87.6700,86.1800,86.8200
2009-01-06,90.4100,86.3700,89.2300
2009-01-07,88.8000,87.1200,87.7900
2009-01-08,88.1400,85.9800,87.1800
2009-01-09,87.5000,84.2500,84.7000
2009-01-12,86.6000,84.4200,85.7100
2009-01-13,86.5900,84.7900,85.3400
2009-01-14,84.8200,82.1100,83.1900
2009-01-15,84.8300,82.2560,84.1200
2009-01-16,85.7400,83.0800,84.9200
2009-01-20,84.9200,81.7600,81.9800
2009-01-21,91.6000,86.0000,91.4200
2009-01-22,90.7400,88.1100,90.0700
2009-01-23,90.7000,87.8100,89.4900
2009-01-26,92.6700,89.5200,91.6000
2009-01-27,91.9700,90.5000,91.6600
2009-01-28,94.9400,91.9100,94.8200
2009-01-29,94.5800,92.0200,92.5100
2009-01-30,93.4800,91.2500,91.6500
2009-02-02,91.8600,89.6900,90.9300
2009-02-03,93.7300,90.1600,93.4800
2009-02-04,94.9100,91.8200,92.8300
2009-02-05,93.2000,91.2200,92.4100
2009-02-06,97.1000,91.6500,96.1400
2009-02-09,96.9800,94.7200,96.8200
2009-02-10,96.8200,92.9600,93.2700
2009-02-11,95.7700,93.0000,95.1600
2009-02-12,95.2000,92.2000,95.0700
2009-02-13,95.1800,93.5700,93.8400
2009-02-17,92.4900,90.5000,90.6700
2009-02-18,92.2500,90.4406,91.5100
2009-02-19,92.1600,88.4500,88.9300
2009-02-20,89.9000,87.3400,88.7900
2009-02-23,89.3300,84.1900,84.3700
2009-02-24,87.0800,84.1000,86.4000
2009-02-25,87.1200,82.8500,85.9000
2009-02-26,90.2000,86.3300,88.9700
2009-02-27,93.2800,88.0100,92.0300
2009-03-02,91.9000,88.7500,89.0500
2009-03-03,90.1800,87.1900,87.7700
2009-03-04,91.2400,87.6020,89.4900
2009-03-05,90.1600,87.0200,87.4800
2009-03-06,88.2500,83.8100,85.8100
2009-03-09,86.8000,83.0200,83.4800
2009-03-10,87.2500,83.6400,87.2500
2009-03-11,89.5400,86.7200,88.6200
2009-03-12,90.6000,87.4900,90.4000
2009-03-13,90.6500,89.2900,90.3600
2009-03-16,93.0000,90.5400,91.2200
2009-03-17,92.9100,90.4500,92.9100
2009-03-18,92.9000,89.4100,91.9500
2009-03-19,93.3500,91.5100,92.6600
2009-03-20,95.0000,92.1800,92.5100
2009-03-23,98.7100,93.7000,98.7100
2009-03-24,99.5500,97.5200,98.3000
2009-03-25,99.8600,96.0900,97.9500
2009-03-26,99.2000,97.7500,98.7800
2009-03-27,96.0000,92.7500,94.1500
2009-03-30,94.7400,91.8000,94.5200
2009-03-31,98.6600,94.8500,96.8900
2009-04-01,98.0000,95.7000,97.6100
2009-04-02,101.9900,98.3800,100.8200
2009-04-03,102.6600,99.7100,102.2200
2009-04-06,101.8500,100.0000,101.5600
2009-04-07,100.5000,98.5200,98.7500
2009-04-08,101.5500,99.0000,101.1900
2009-04-09,102.4500,100.2500,101.7000
2009-04-13,101.6500,99.0400,99.9500
2009-04-14,99.9500,98.2700,99.2700
2009-04-15,99.0600,96.4400,98.8500
2009-04-16,101.9200,99.1800,101.4300
2009-04-17,102.0400,99.6900,101.2700
2009-04-20,101.1899,99.2100,100.4300
2009-04-21,102.4800,98.2000,102.3100
2009-04-22,103.8600,101.0600,102.5500
2009-04-23,102.7800,99.8000,101.4200
2009-04-24,101.5800,99.5000,100.0800
2009-04-27,101.6900,99.2900,99.9500
2009-04-28,102.7300,99.2500,101.9400
2009-04-29,105.0000,101.6700,104.0400
2009-04-30,106.0500,102.8500,103.2100
2009-05-01,104.8600,102.9400,104.6100
2009-05-04,106.7500,104.6100,106.1900
2009-05-05,106.8200,105.5100,105.8500
2009-05-06,105.5000,103.7100,104.6200
2009-05-07,104.7964,101.8300,102.5900
2009-05-08,103.7500,99.8300,101.4900
2009-05-11,103.8770,100.9500,102.9000
2009-05-12,104.3800,102.3700,103.9400
2009-05-13,103.1000,101.3500,102.2600
2009-05-14,102.7100,100.7700,101.0500
2009-05-15,103.0700,100.5700,101.3700
2009-05-18,104.7100,101.9400,104.5800
2009-05-19,106.1200,104.0000,105.5100
2009-05-20,105.9800,103.8100,104.0500
2009-05-21,103.2500,101.7400,102.8200
2009-05-22,103.3100,101.7500,101.8900
2009-05-26,105.6300,101.0200,105.0200
2009-05-27,105.1700,102.9100,102.9300
2009-05-28,105.1400,102.6800,104.6900
2009-05-29,106.5000,103.9500,106.2800
2009-06-01,108.6700,106.6700,108.3700
2009-06-02,108.8000,106.6600,106.8300
2009-06-03,106.6000,105.1100,106.4900
2009-06-04,106.8700,105.6000,106.3300
2009-06-05,108.4000,106.7500,107.2400
2009-06-08,107.9800,105.5000,107.4900
2009-06-09,109.1400,107.9900,108.1400
2009-06-10,109.2800,107.0500,108.3500
2009-06-11,110.6400,108.5600,109.4000
2009-06-12,109.2800,107.7500,108.2100
2009-06-15,108.8300,107.2400,107.6200
2009-06-16,109.1400,107.2700,107.3200
2009-06-17,107.8800,106.8800,107.0000
2009-06-18,107.5300,106.1200,106.3300
2009-06-19,106.6500,105.5000,105.8900
2009-06-22,105.8800,104.2300,104.5200
2009-06-23,104.8700,103.7900,104.4400
2009-06-24,106.4800,103.7200,104.1500
2009-06-25,106.7850,103.5100,106.0600
2009-06-26,106.5000,105.0500,105.6800
2009-06-29,106.1800,105.1600,105.8300
2009-06-30,106.0300,103.8100,104.4200
2009-07-01,106.2700,104.7300,104.8400
2009-07-02,103.9100,101.7300,101.7300
2009-07-06,102.2300,100.4700,101.6500
2009-07-07,101.9600,100.0300,100.1900
2009-07-08,101.1700,99.5000,100.6800
2009-07-09,102.7800,100.8500,102.0800
2009-07-10,101.7200,99.8000,100.8300
2009-07-13,103.6500,100.1900,103.6200
2009-07-14,103.6200,102.5200,103.2500
2009-07-15,107.2200,104.6000,107.2200
2009-07-16,110.9700,106.7900,110.6400
2009-07-17,115.5300,113.1600,115.4200
2009-07-20,116.8800,114.3900,116.4400
2009-07-21,117.0400,115.3800,117.0400
2009-07-22,117.2000,115.0900,115.5700
2009-07-23,118.0000,115.0600,117.0600
2009-07-24,118.1500,116.6300,117.6400
2009-07-27,117.9200,116.5700,117.6300
2009-07-28,117.5200,116.3400,117.2800
2009-07-29,117.2800,116.0500,117.2600
2009-07-30,119.3700,117.6700,117.8600
2009-07-31,118.9900,117.5600,117.9300
2009-08-03,119.9600,118.6900,119.9200
2009-08-04,119.8000,119.0200,119.6000
2009-08-05,119.0000,117.8600,117.9200
2009-08-06,118.4000,116.7000,117.3800
2009-08-07,119.9100,118.1100,119.3300
2009-08-10,119.1900,117.9700,118.7000
2009-08-11,118.5000,117.3200,117.7900
2009-08-12,119.9600,117.4200,119.2900
2009-08-13,119.7800,118.6300,119.5800
2009-08-14,119.7400,117.6200,118.5700
2009-08-17,117.4400,116.2100,116.8600
2009-08-18,118.0000,116.7300,117.6300
2009-08-19,118.7700,116.1200,118.5700
2009-08-20,119.4100,118.1000,118.9500
2009-08-21,120.0100,118.5500,119.9000
2009-08-24,120.8800,119.1000,119.3200
2009-08-25,120.1500,118.7100,118.8300
2009-08-26,119.8500,117.5100,119.4700
2009-08-27,119.5900,117.8500,119.4300
2009-08-28,120.2300,117.7700,118.2200
2009-08-31,118.0600,116.9200,118.0500
2009-09-01,118.9300,116.5000,116.6900
2009-09-02,117.2400,116.0000,116.0900
2009-09-03,116.7300,115.1500,116.3300
2009-09-04,117.5000,116.2100,117.4600
2009-09-08,118.1700,116.6300,117.1600
2009-09-09,117.6700,116.1600,116.7600
2009-09-10,117.8300,116.7500,117.6700
2009-09-11,119.2500,117.4700,118.0500
2009-09-14,118.9900,116.9400,118.8800
2009-09-15,119.4500,118.1600,119.3500
2009-09-16,122.0000,119.3000,121.8200
2009-09-17,122.7800,121.0500,121.8800
2009-09-18,122.8800,121.6200,122.1100
2009-09-21,122.0800,120.8800,121.5700
2009-09-22,122.1100,120.9800,121.6100
2009-09-23,122.7400,120.7100,120.8200
2009-09-24,121.6500,120.4000,120.9400
2009-09-25,121.6500,120.1000,121.0800
2009-09-28,122.0000,118.9400,119.3300
2009-09-29,119.9400,118.6000,118.8100
2009-09-30,120.0000,117.5500,119.6100
2009-10-01,119.6100,117.5600,117.9000
2009-10-02,119.6600,117.2600,119.0200
2009-10-05,120.1800,118.1300,119.7500
2009-10-06,121.5900,120.2200,121.3500
2009-10-07,122.8500,120.9400,122.7800
2009-10-08,122.9800,121.8500,122.2900
2009-10-09,126.0000,122.3000,125.9300
2009-10-12,127.1000,125.2000,127.0400
2009-10-13,127.3900,126.2000,127.0200
2009-10-14,128.6100,126.6000,128.3500
2009-10-15,128.0000,126.3200,127.9800
2009-10-16,123.7000,121.2500,121.6400
2009-10-19,123.3600,121.6100,123.0600
2009-10-20,123.5000,121.5000,122.8200
2009-10-21,124.1100,120.8600,120.8700
2009-10-22,123.0000,120.3400,122.6900
2009-10-23,123.0600,120.0000,120.3600
2009-10-26,122.4400,119.5500,120.1100
2009-10-27,122.1400,119.1500,120.6500
2009-10-28,121.6800,119.8700,121.5000
2009-10-29,123.0300,121.6000,122.8700
2009-10-30,124.3000,120.4800,120.6100
2009-11-02,121.9300,119.5000,120.5600
2009-11-03,121.1900,119.5300,121.1600
2009-11-04,122.5000,121.1600,121.2900
2009-11-05,123.5000,122.0000,122.5500
2009-11-06,123.4900,122.2300,123.4900
2009-11-09,126.0000,123.4900,126.0000
2009-11-10,127.0500,125.1700,126.9100
2009-11-11,127.3000,125.9400,127.1900
2009-11-12,127.6500,126.1100,126.2600
2009-11-13,127.8000,126.2700,127.0300
2009-11-16,128.2400,127.0300,128.2100
2009-11-17,128.6550,127.4000,128.6300
2009-11-18,128.3500,127.5500,128.1500
2009-11-19,127.8400,126.5100,127.5400
2009-11-20,127.6900,126.4600,126.9600
2009-11-23,128.9400,127.6500,128.2000
2009-11-24,128.3200,127.1400,127.9300
2009-11-25,128.2200,127.0800,127.2800
2009-11-27,126.6200,124.2600,125.7000
2009-11-30,126.6000,124.9200,126.3500
2009-12-01,128.3900,126.8500,127.9400
2009-12-02,128.3900,127.1600,127.2100
2009-12-03,128.4700,127.2500,127.5500
2009-12-04,128.9000,126.0000,127.2500
2009-12-07,127.5300,126.5900,127.0400
2009-12-08,127.3500,126.1600,126.8000
2009-12-09,128.3900,126.1100,128.3900
2009-12-10,129.4700,128.0900,129.3400
2009-12-11,129.7700,128.7100,129.6800
2009-12-14,129.9800,129.6000,129.9300
2009-12-15,129.8600,127.9400,128.4900
2009-12-16,129.6000,128.3500,128.7100
2009-12-17,128.5600,127.1200,127.4000
2009-12-18,128.3900,127.0000,127.9100
2009-12-21,128.9400,127.6800,128.6500
2009-12-22,129.9800,129.1900,129.9300
2009-12-23,130.0000,129.3000,130.0000
2009-12-24,130.5700,129.4800,130.5700
2009-12-28,132.3100,130.7200,132.3100
2009-12-29,132.3700,131.8000,131.8500
2009-12-30,132.6800,130.6800,132.5700
2009-12-31,132.8500,130.7500,130.9000
2010-01-04,132.9700,130.8500,132.4500
2010-01-05,131.8500,130.1000,130.8500
2010-01-06,131.4900,129.8100,130.0000
2010-01-07,130.2500,128.9100,129.5500
2010-01-08,130.9199,129.0500,130.8500
2010-01-11,131.0600,128.6700,129.4800
2010-01-12,131.3300,129.0000,130.5100
2010-01-13,131.1200,129.1600,130.2300
2010-01-14,132.7100,129.9100,132.3100
2010-01-15,132.8900,131.0890,131.7800
2010-01-19,134.2500,131.5600,134.1400
2010-01-20,131.1500,128.9500,130.2500
2010-01-21,130.6900,128.0600,129.0000
2010-01-22,128.8900,125.3700,125.5000
2010-01-25,126.8950,125.7100,126.1200
2010-01-26,127.7500,125.4100,125.7500
2010-01-27,126.9600,125.0400,126.3300
2010-01-28,127.0400,123.0500,123.7500
2010-01-29,125.0000,121.9000,122.3900
2010-02-01,124.9500,122.7800,124.6700
2010-02-02,125.8100,123.9500,125.5300
2010-02-03,126.0700,125.0700,125.6600
2010-02-04,125.4400,122.9000,123.0000
2010-02-05,123.7200,121.8300,122.9700
2010-02-08,123.2200,121.7400,121.8800
2010-02-09,124.2000,122.4600,123.2100
2010-02-10,123.6500,122.2100,122.8100
2010-02-11,124.2000,122.0600,123.7300
2010-02-12,124.0500,121.6100,124.0000
2010-02-16,125.2300,124.1100,125.2300
2010-02-17,126.5300,125.2100,126.3300
2010-02-18,128.0000,126.0000,127.8100
2010-02-19,128.0600,126.8724,127.1900
2010-02-22,127.4300,126.3100,126.8500
2010-02-23,127.6600,126.0000,126.4600
2010-02-24,128.2700,126.8100,127.5900
2010-02-25,127.2400,125.5700,127.0700
2010-02-26,128.0000,126.7400,127.1600
2010-03-01,128.8300,127.4700,128.5700
2010-03-02,129.0900,127.1300,127.4200
2010-03-03,128.0200,126.6800,126.8800
2010-03-04,127.0700,125.4700,126.7200
2010-03-05,127.5500,127.0400,127.2500
2010-03-08,127.5000,126.3600,126.4100
2010-03-09,126.2900,125.2000,125.5500
2010-03-10,126.3600,125.2100,125.6200
2010-03-11,127.8100,125.7100,127.6000
2010-03-12,128.3700,127.5100,127.9400
2010-03-15,128.3400,127.2800,127.8300
2010-03-16,128.8800,127.4500,128.6700
2010-03-17,128.9300,127.3600,127.7600
2010-03-18,128.7500,127.4500,128.3800
2010-03-19,128.9300,126.7800,127.7100
2010-03-22,128.3900,126.5700,127.9800
2010-03-23,129.4300,127.6400,129.3700
2010-03-24,129.9500,128.4700,128.5300
2010-03-25,130.7300,129.1300,129.2400
2010-03-26,129.7800,128.7205,129.2600
2010-03-29,129.9500,128.2600,128.5900
2010-03-30,129.1300,128.2500,128.7700
2010-03-31,128.7500,127.6500,128.2500
2010-04-01,129.3100,127.5500,128.2500
2010-04-05,129.8000,128.1400,129.3500
2010-04-06,129.3000,128.0500,128.9300
2010-04-07,129.2700,128.0100,128.4800
2010-04-08,128.2300,127.2000,127.6100
2010-04-09,128.8700,127.1200,128.7600
2010-04-12,128.9560,128.2400,128.3600
2010-04-13,129.4350,127.8400,129.0300
2010-04-14,131.4200,129.4600,131.2500
2010-04-15,131.1400,130.1902,130.8900
2010-04-16,132.1700,130.2500,130.6300
2010-04-19,132.2800,130.3800,132.2300
2010-04-20,130.3300,128.2600,129.6900
2010-04-21,130.2700,128.5000,128.9900
2010-04-22,129.3600,127.7700,129.1300
2010-04-23,130.1000,128.7100,129.9900
2010-04-26,131.0400,129.5400,130.7300
2010-04-27,132.0000,128.7100,128.8200
2010-04-28,130.4700,129.0300,130.1000
2010-04-29,131.2100,130.1500,130.4600
2010-04-30,130.6360,128.8400,129.0000
2010-05-03,130.1400,128.8000,129.6000
2010-05-04,128.9300,126.5754,128.1200
2010-05-05,128.2300,126.8700,127.4600
2010-05-06,127.9300,116.0000,123.9200
2010-05-07,124.3900,120.0000,122.1000
2010-05-10,126.6700,125.0600,126.2700
2010-05-11,128.4200,125.1500,126.8900
2010-05-12,132.8500,127.0100,132.6800
2010-05-13,133.1000,130.8500,131.4800
2010-05-14,131.6700,129.4100,131.1900
2010-05-17,131.7600,128.7000,130.4400
2010-05-18,131.9900,129.9000,129.9500
2010-05-19,130.5000,127.8200,128.8600
2010-05-20,127.9600,123.6800,123.8000
2010-05-21,125.6100,121.4000,125.4200
2010-05-24,126.0200,124.0400,124.4500
2010-05-25,124.9500,121.4700,124.5200
2010-05-26,125.9400,123.0000,123.2300
2010-05-27,126.3900,124.7700,126.3900
2010-05-28,126.2794,124.2900,125.2600
2010-06-01,126.8800,124.2000,124.3400
2010-06-02,127.5000,124.3500,127.4100
2010-06-03,128.2200,126.4600,127.9600
2010-06-04,127.1000,124.6700,125.2800
2010-06-07,125.8600,124.1300,124.1300
2010-06-08,124.4600,122.8200,123.7200
2010-06-09,125.8400,123.5800,123.9000
2010-06-10,128.2200,125.8000,127.6800
2010-06-11,128.8000,126.4400,128.4500
2010-06-14,129.9700,128.4900,128.5000
2010-06-15,129.9500,128.3700,129.7900
2010-06-16,130.6800,128.3400,130.3500
2010-06-17,131.0300,129.8600,130.9800
2010-06-18,131.2500,130.1300,130.1500
2010-06-21,131.9400,130.2200,130.6500
2010-06-22,131.4700,129.0700,129.3000
2010-06-23,131.4700,129.0900,130.1100
2010-06-24,129.7300,127.7000,128.1900
2010-06-25,129.0950,127.1200,127.1200
2010-06-28,129.4700,127.2200,128.9800
2010-06-29,128.4000,124.1200,125.0900
2010-06-30,125.2200,123.0000,123.4800
2010-07-01,124.2100,121.6100,122.5700
2010-07-02,123.2900,120.6100,121.8600
2010-07-06,124.6300,122.1700,123.4600
2010-07-07,127.1200,123.4700,127.0000
2010-07-08,128.1500,126.7400,127.9700
2010-07-09,128.2000,127.2900,127.9600
2010-07-12,128.8300,127.1600,128.6700
2010-07-13,130.9800,128.6900,130.4800
2010-07-14,131.6000,129.1400,130.7200
2010-07-15,130.9200,129.5500,130.7200
2010-07-16,130.1500,127.8500,128.0300
2010-07-19,130.3800,128.3700,129.7900
2010-07-20,126.5600,122.9300,126.5500
2010-07-21,126.5000,124.6200,125.2700
2010-07-22,127.7800,126.0500,127.4700
2010-07-23,128.8000,127.0000,128.3800
2010-07-26,128.4300,127.1400,128.4100
2010-07-27,129.1700,127.8900,128.6300
2010-07-28,129.3500,127.8800,128.4300
2010-07-29,129.5000,127.1400,128.0200
2010-07-30,128.9800,127.0400,128.4000
2010-08-02,131.2000,129.2500,130.7600
2010-08-03,131.0400,129.3300,130.3700
2010-08-04,131.5000,129.8500,131.2700
2010-08-05,131.9800,130.5300,131.8300
2010-08-06,130.4800,128.7600,130.1400
2010-08-09,132.3400,130.4000,132.0000
2010-08-10,132.4900,130.7700,131.8400
2010-08-11,130.6900,129.4610,129.8300
2010-08-12,128.7800,127.5200,128.3000
2010-08-13,128.4600,127.3300,127.8700
2010-08-16,128.2300,126.9600,127.7700
2010-08-17,129.8500,127.9050,128.4500
2010-08-18,130.1950,127.8000,129.3925
2010-08-19,129.5900,128.0200,128.9000
2010-08-20,128.9800,126.9600,127.5000
2010-08-23,128.0300,126.4400,126.4700
2010-08-24,126.0200,124.5700,124.9000
2010-08-25,125.6000,124.0000,125.2700
2010-08-26,125.7800,122.7800,122.7800
2010-08-27,124.8000,122.4200,124.7300
2010-08-30,125.2699,123.4000,123.4000
2010-08-31,123.9900,122.2800,123.1300
2010-09-01,126.3100,124.5200,125.7700
2010-09-02,126.2300,124.6500,125.0400
2010-09-03,127.6000,125.9001,127.5800
2010-09-07,127.3600,125.8801,125.9500
2010-09-08,126.5199,125.3900,126.0800
2010-09-09,127.5700,126.1500,126.3600
2010-09-10,128.2900,126.2600,127.9900
2010-09-13,130.0000,128.5200,129.6100
2010-09-14,129.9200,128.4300,128.8500
2010-09-15,129.9600,128.5400,129.4300
2010-09-16,129.9500,128.8000,129.6700
2010-09-17,130.6000,129.7000,130.1900
2010-09-20,132.0900,130.1100,131.7900
2010-09-21,132.8000,130.7800,131.9800
2010-09-22,132.5800,131.4000,132.5700
2010-09-23,132.7800,131.2200,131.6700
2010-09-24,134.1500,132.3400,134.1100
2010-09-27,135.0000,133.5100,134.6500
2010-09-28,135.1400,133.7100,134.8900
2010-09-29,135.8050,134.3400,135.4800
2010-09-30,136.1100,133.6700,134.1400
2010-10-01,136.2800,135.0900,135.6400
2010-10-04,135.9200,134.3900,135.2500
2010-10-05,137.9015,136.1200,137.6600
2010-10-06,137.9600,136.8300,137.8400
2010-10-07,138.8800,137.5200,138.7200
2010-10-08,139.0900,138.0600,138.8500
2010-10-11,139.9400,138.6400,139.6600
2010-10-12,139.9900,138.2700,139.8500
2010-10-13,141.4800,139.7800,140.3700
2010-10-14,141.5000,139.6900,141.5000
2010-10-15,142.1000,140.5400,141.0600
2010-10-18,143.0300,140.8400,142.8300
2010-10-19,139.3400,136.7000,138.0300
2010-10-20,139.8700,138.1300,139.0700
2010-10-21,140.4900,138.4000,139.8300
2010-10-22,140.7500,139.4600,139.6700
2010-10-25,141.4000,139.8100,139.8400
2010-10-26,142.0000,138.5300,140.6700
2010-10-27,141.5700,139.0000,141.4300
2010-10-28,141.9500,140.4200,140.9000
2010-10-29,144.0000,140.7500,143.6000
2010-11-01,144.2600,142.3200,143.3200
2010-11-02,144.7100,143.7100,143.8400
2010-11-03,144.4600,142.6300,144.1700
2010-11-04,146.8400,144.7100,146.7900
2010-11-05,146.9300,145.6700,146.9200
2010-11-08,146.5800,145.2500,146.4600
2010-11-09,147.5300,145.6300,146.1400
2010-11-10,146.7900,145.6300,146.5500
2010-11-11,145.5000,143.3500,145.4300
2010-11-12,145.7700,143.5500,143.7400
2010-11-15,144.7500,143.2700,143.6400
2010-11-16,143.3800,141.1800,142.2400
2010-11-17,142.4900,141.3900,141.9500
2010-11-18,144.9900,142.7500,144.3600
2010-11-19,145.3500,143.9900,145.0500
2010-11-22,145.4300,143.5600,145.3900
2010-11-23,144.5300,142.3300,143.1800
2010-11-24,146.4400,143.8200,145.8100
2010-11-26,145.3000,143.5700,143.9000
2010-11-29,143.6700,141.5000,142.8900
2010-11-30,142.7600,141.2800,141.4600
2010-12-01,145.1300,143.5100,144.4100
2010-12-02,145.8500,144.3000,145.1800
2010-12-03,145.6800,144.2500,145.3800
2010-12-06,145.8700,144.5200,144.9900
2010-12-07,146.2999,143.8700,144.0200
2010-12-08,145.6500,143.8400,144.9800
2010-12-09,145.9400,143.5200,144.3000
2010-12-10,144.9500,143.7300,144.8200
2010-12-13,145.4000,144.2100,144.2800
2010-12-14,146.0100,144.2600,145.8200
2010-12-15,145.7200,144.3100,144.7200
2010-12-16,145.3200,144.1500,144.5500
2010-12-17,145.5000,144.4000,145.0000
2010-12-20,145.5400,144.3900,144.5100
2010-12-21,145.9900,144.3300,145.7400
2010-12-22,146.4000,145.5800,145.9500
2010-12-23,146.3300,145.3300,145.8900
2010-12-27,145.7000,145.0000,145.3400
2010-12-28,146.1500,145.0600,145.7100
2010-12-29,147.5000,145.7100,146.5200
2010-12-30,147.1100,146.2500,146.6700
2010-12-31,147.0700,145.9600,146.7600
2011-01-03,148.2000,147.1400,147.4800
2011-01-04,148.2200,146.6400,147.6400
2011-01-05,147.4800,146.7300,147.0500
2011-01-06,148.7900,146.8200,148.6600
2011-01-07,148.8600,146.9400,147.9300
2011-01-10,148.0600,147.2300,147.6400
2011-01-11,148.3500,146.7500,147.2800
2011-01-12,149.2900,147.6700,149.1000
2011-01-13,149.2900,148.2500,148.8200
2011-01-14,150.0000,148.4700,150.0000
2011-01-18,151.4650,149.3800,150.6500
2011-01-19,156.1300,152.8301,155.6900
2011-01-20,155.9600,154.4500,155.8000
2011-01-21,156.7800,154.9600,155.5000
2011-01-24,159.7900,155.3300,159.6300
2011-01-25,164.3500,159.0000,161.4400
2011-01-26,161.9040,160.4200,161.0400
2011-01-27,162.1800,160.8600,161.0700
2011-01-28,161.9201,158.6700,159.2100
2011-01-31,162.0000,158.6800,162.0000
2011-02-01,163.9400,162.0000,163.5600
2011-02-02,163.6000,162.6100,163.3000
2011-02-03,164.2000,162.8100,163.5300
2011-02-04,164.1400,163.2200,164.0000
2011-02-07,164.9900,164.0200,164.8200
2011-02-08,166.2500,164.3200,166.0500
2011-02-09,165.9700,164.1000,164.6500
2011-02-10,165.0000,163.1800,164.0900
2011-02-11,165.0100,163.3100,163.8500
2011-02-14,164.3800,162.8500,163.2200
2011-02-15,163.5700,162.5200,162.8400
2011-02-16,163.6000,162.7500,163.4000
2011-02-17,164.6700,162.8500,164.2400
2011-02-18,164.8400,164.1000,164.8400
2011-02-22,164.2600,161.7800,161.9500
2011-02-23,162.6800,160.1400,160.1800
2011-02-24,161.2700,159.0300,160.7700
2011-02-25,162.3400,160.8600,162.2800
2011-02-28,162.9900,161.2400,161.8800
2011-03-01,163.1500,159.8800,159.9700
2011-03-02,161.1100,159.4100,160.1600
2011-03-03,164.0000,161.2700,163.4800
2011-03-04,164.3100,160.6500,161.8300
2011-03-07,162.9800,158.8500,159.9300
2011-03-08,163.4300,159.2100,162.2800
2011-03-09,167.7200,163.2800,165.8600
2011-03-10,164.6700,161.3800,162.0200
2011-03-11,163.2400,160.8400,162.4300
2011-03-14,161.9804,160.0900,161.3900
2011-03-15,159.6400,156.8800,159.0200
2011-03-16,156.9800,151.7100,153.0000
2011-03-17,154.5000,152.7000,154.1800
2011-03-18,156.9500,154.3200,155.8900
2011-03-21,159.6300,157.0700,157.6800
2011-03-22,158.6100,157.5200,158.0000
2011-03-23,160.0800,157.5300,159.5300
2011-03-24,160.7100,158.8400,160.0400
2011-03-25,162.7400,160.7600,162.1800
2011-03-28,162.5800,161.1200,161.3700
2011-03-29,163.0900,161.1500,162.8800
2011-03-30,163.9900,163.0200,163.6000
2011-03-31,164.0600,163.0700,163.0700
2011-04-01,164.4200,163.0400,164.2700
2011-04-04,164.7300,163.5800,164.2500
2011-04-05,164.7000,163.6200,163.9900
2011-04-06,164.7500,163.8100,164.0400
2011-04-07,164.5463,163.2800,164.3800
2011-04-08,164.3800,163.1600,164.0500
2011-04-11,164.0000,163.1100,163.9500
2011-04-12,163.7700,162.3000,163.2500
2011-04-13,164.9300,163.6600,163.9500
2011-04-14,165.3600,163.1600,164.9700
2011-04-15,166.3400,164.8700,166.2100
2011-04-18,166.1600,162.8600,165.9400
2011-04-19,166.3800,164.4400,165.4000
2011-04-20,165.8900,162.1900,164.7500
2011-04-21,168.4500,164.8600,168.2800
2011-04-25,168.7700,167.2300,167.6700
2011-04-26,169.2000,167.4000,168.4900
2011-04-27,170.5900,168.4600,170.3700
2011-04-28,171.3800,169.7000,170.7800
2011-04-29,173.0000,170.4800,170.5800
2011-05-02,173.5400,171.4900,172.1500
2011-05-03,173.4800,171.2300,172.8700
2011-05-04,172.6200,169.5900,170.6200
2011-05-05,170.8700,167.5000,168.4600
2011-05-06,170.1500,168.2400,168.8900
2011-05-09,169.8500,168.3100,169.1000
2011-05-10,170.9000,169.2200,170.3800
2011-05-11,170.5200,167.8200,169.5000
2011-05-12,172.7700,168.6500,172.2400
2011-05-13,172.1500,169.4400,169.9200
2011-05-16,170.6400,168.3100,168.8600
2011-05-17,171.4100,166.5300,170.5000
2011-05-18,171.1900,169.4600,170.4400
2011-05-19,171.4000,169.3200,170.5900
2011-05-20,171.1500,169.3800,170.1600
2011-05-23,168.6900,167.0700,168.2600
2011-05-24,168.6700,167.5100,167.9900
2011-05-25,168.4000,167.5100,167.7500
2011-05-26,167.5000,165.9000,167.1800
2011-05-27,168.4700,167.0000,167.5000
2011-05-31,169.8900,167.8200,168.9300
2011-06-01,169.5800,166.5000,166.5600
2011-06-02,167.1000,165.7100,166.0900
2011-06-03,165.8900,164.1300,165.0500
2011-06-06,165.5800,164.2700,164.7500
2011-06-07,165.2400,163.6100,163.6900
2011-06-08,164.8500,163.2600,164.3400
2011-06-09,165.9600,164.7600,164.8400
2011-06-10,164.8400,162.8700,163.1800
2011-06-13,164.4600,162.7300,163.1700
2011-06-14,164.5700,163.6500,164.1200
2011-06-15,163.4100,161.5200,162.3300
2011-06-16,163.6300,161.7800,162.6700
2011-06-17,165.1000,163.5800,164.4400
2011-06-20,165.6100,163.5900,165.0200
2011-06-21,166.7500,164.0000,166.2200
2011-06-22,166.8100,165.1000,165.6800
2011-06-23,166.7300,163.8000,166.1200
2011-06-24,165.9400,164.5700,165.0700
2011-06-27,168.2400,165.2100,167.6200
2011-06-28,170.7000,168.0100,170.0100
2011-06-29,170.8600,169.8200,170.5400
2011-06-30,172.4468,170.7500,171.5500
2011-07-01,174.6500,171.4900,174.5400
2011-07-05,175.4309,173.5200,175.4300
2011-07-06,177.7700,175.0900,177.7100
2011-07-07,177.2700,176.1200,176.4800
2011-07-08,176.4900,175.0100,176.4900
2011-07-11,176.1500,174.6100,174.9900
2011-07-12,175.3700,173.8900,174.0500
2011-07-13,176.3200,174.0000,174.3200
2011-07-14,176.1000,173.8400,174.2300
2011-07-15,175.9400,174.0700,175.5400
2011-07-18,176.4600,173.5800,175.2800
2011-07-19,185.2100,178.6500,185.2100
2011-07-20,184.4200,183.0000,183.6500
2011-07-21,185.5000,182.9000,184.9000
2011-07-22,185.6300,184.2600,185.1800
2011-07-25,184.9600,183.2800,183.7000
2011-07-26,184.0500,182.6500,182.9300
2011-07-27,182.9100,180.9300,181.3500
2011-07-28,183.2700,180.8800,181.8000
2011-07-29,183.4300,179.7300,181.8500
2011-08-01,183.6900,178.5000,180.7500
2011-08-02,182.2900,177.8600,178.0500
2011-08-03,179.2300,175.4100,178.8300
2011-08-04,177.9200,171.1800,171.4800
2011-08-05,174.2200,166.5200,172.9800
2011-08-08,172.6100,166.0000,166.2200
2011-08-09,171.0500,162.0000,170.6100
2011-08-10,169.2300,161.8500,162.5400
2011-08-11,168.7700,162.9400,166.7300
2011-08-12,169.3800,165.8300,168.2000
2011-08-15,174.0000,170.3900,172.9900
2011-08-16,172.1900,169.0000,171.2400
2011-08-17,172.9900,169.8900,171.4800
2011-08-18,166.4600,160.1600,163.8300
2011-08-19,163.9400,157.1300,157.5400
2011-08-22,161.6800,157.6200,158.9800
2011-08-23,164.5900,159.5300,164.3200
2011-08-24,166.8300,163.3500,166.7600
2011-08-25,168.5300,164.8500,165.5800
2011-08-26,169.3300,163.2800,169.1400
2011-08-29,172.7200,170.3600,172.6200
2011-08-30,173.5100,170.8800,172.5100
2011-08-31,173.7200,170.7100,171.9100
2011-09-01,173.6800,170.1200,170.3300
2011-09-02,168.9300,166.0000,166.9800
2011-09-06,165.5500,162.2000,165.1100
2011-09-07,167.9000,166.1600,167.3100
2011-09-08,169.5800,165.1000,165.2500
2011-09-09,165.1900,160.8100,161.3700
2011-09-12,162.4400,158.7600,162.4200
2011-09-13,163.9200,161.5400,163.4300
2011-09-14,169.6600,161.9900,167.2400
2011-09-15,170.1600,167.2300,170.0900
2011-09-16,172.9900,169.7400,172.9900
2011-09-19,173.8700,169.4300,173.1300
2011-09-20,177.4300,172.7000,174.7200
2011-09-21,177.6700,172.6200,173.0200
2011-09-22,169.9700,166.5000,168.6200
2011-09-23,169.5400,165.7600,169.3400
2011-09-26,174.7000,169.8600,174.5100
2011-09-27,179.6200,176.4300,177.7100
2011-09-28,180.7500,177.0800,177.5500
2011-09-29,180.9100,175.5300,179.1700
2011-09-30,178.2700,174.7500,174.8700
2011-10-03,177.9200,173.0400,173.2900
2011-10-04,175.0700,168.8800,174.7400
2011-10-05,177.2961,172.6800,176.8500
2011-10-06,181.9900,175.6600,181.6900
2011-10-07,183.7200,181.6400,182.3900
2011-10-10,186.6300,182.9000,186.6200
2011-10-11,186.0000,184.1100,185.0000
2011-10-12,188.0000,185.6500,186.1200
2011-10-13,187.5000,184.5000,186.8200
2011-10-14,190.5300,187.7314,190.5300
2011-10-17,190.1600,185.9000,186.5900
2011-10-18,179.3800,176.2500,178.9000
2011-10-19,179.8100,177.0100,177.3900
2011-10-20,179.2400,176.1700,177.2500
2011-10-21,181.6700,178.7500,181.6300
2011-10-24,183.3900,180.6200,182.2500
2011-10-25,182.9700,180.0100,180.3600
2011-10-26,182.2800,179.0300,181.9700
2011-10-27,187.0000,183.1800,186.3400
2011-10-28,188.0700,185.2800,187.4500
2011-10-31,186.9100,184.6300,184.6300
2011-11-01,183.2600,180.7400,181.3500
2011-11-02,185.2500,183.0300,183.9200
2011-11-03,187.7800,184.0200,187.3000
2011-11-04,187.1400,184.7400,186.3800
2011-11-07,187.7300,184.7500,187.3200
2011-11-08,187.8800,185.5100,187.2500
2011-11-09,185.2400,181.1600,182.2400
2011-11-10,184.7700,181.8700,183.3500
2011-11-11,187.8300,185.1400,187.3800
2011-11-14,189.8400,186.8500,187.3500
2011-11-15,189.9700,185.6400,188.7500
2011-11-16,189.9000,186.3000,186.6200
2011-11-17,188.8300,183.3900,185.7300
2011-11-18,186.9700,184.6600,185.2400
2011-11-21,183.9600,180.0000,181.4800
2011-11-22,182.9800,180.2900,181.3100
2011-11-23,181.4900,177.5200,177.9500
2011-11-25,179.5600,177.0600,177.0600
2011-11-28,182.9300,180.6700,182.2100
2011-11-29,183.3100,180.8400,180.9400
2011-11-30,188.3500,184.2100,188.0000
2011-12-01,189.9900,186.7700,189.4500
2011-12-02,191.3300,189.4500,189.6600
2011-12-05,193.6100,190.3800,190.8400
2011-12-06,193.5300,190.3200,192.9400
2011-12-07,194.9000,191.2800,194.0500
2011-12-08,193.8000,191.0700,191.5800
2011-12-09,194.8700,192.4000,194.5600
2011-12-12,193.9000,191.2200,192.1800
2011-12-13,194.3000,190.6400,191.1500
2011-12-14,190.2800,188.0000,188.7200
2011-12-15,191.2000,186.8900,187.4800
2011-12-16,188.0100,181.9100,183.5700
2011-12-19,184.6900,182.2500,182.8900
2011-12-20,187.3300,184.7550,187.2400
2011-12-21,183.5000,179.0400,181.4700
2011-12-22,182.8000,181.0000,182.0400
2011-12-23,184.8500,181.8900,184.7500
2011-12-27,185.8500,184.3900,184.9500
2011-12-28,185.4000,183.3400,183.9900
2011-12-29,186.2300,184.0100,186.1800
2011-12-30,186.4800,183.8500,183.8800
2012-01-03,188.7100,186.0000,186.3000
2012-01-04,186.3300,184.9400,185.5400
2012-01-05,185.0300,183.1000,184.6600
2012-01-06,184.4800,182.3100,182.5400
2012-01-09,182.2700,180.2700,181.5900
2012-01-10,183.7200,181.2000,181.3100
2012-01-11,182.8100,180.5000,182.3200
2012-01-12,181.9100,178.3800,180.5500
2012-01-13,179.6100,177.3472,179.1600
2012-01-17,182.0000,179.3200,180.0000
2012-01-18,181.6000,179.5000,181.0700
2012-01-19,182.3599,180.3500,180.5200
2012-01-20,188.9700,184.7500,188.5200
2012-01-23,190.5200,187.6700,189.9800
2012-01-24,192.3050,188.5241,191.9300
2012-01-25,192.2399,189.6100,191.7300
2012-01-26,192.7900,190.4700,190.9800
2012-01-27,191.7700,189.8100,190.4600
2012-01-30,192.7300,188.2200,192.5000
2012-01-31,193.1000,191.0000,192.6000
2012-02-01,194.8100,192.4100,192.6200
2012-02-02,193.3300,191.3300,191.5300
2012-02-03,194.1300,192.5400,193.6400
2012-02-06,193.7600,192.0000,192.8200
2012-02-07,194.1400,191.9700,193.3500
2012-02-08,193.5800,191.7300,192.9500
2012-02-09,194.4600,192.5500,193.1300
2012-02-10,192.4300,191.2800,192.4200
2012-02-13,193.6900,191.7400,192.6200
2012-02-14,192.6000,190.8310,192.2200
2012-02-15,193.4400,191.2600,192.2500
2012-02-16,193.2500,192.0000,193.0200
2012-02-17,193.8600,192.3000,193.4200
2012-02-21,194.2400,192.4600,193.3900
2012-02-22,194.7400,192.7500,193.8700
2012-02-23,199.2300,193.2800,197.6100
2012-02-24,198.5600,196.6100,197.7600
2012-02-27,198.7100,196.1000,197.5300
2012-02-28,198.9600,197.4322,197.9800
2012-02-29,199.1700,196.4500,196.7300
2012-03-01,198.4700,196.9300,197.5300
2012-03-02,198.8900,197.0600,198.8100
2012-03-05,201.1900,198.3000,200.6600
2012-03-06,199.6400,196.8120,197.2600
2012-03-07,198.5700,197.3100,197.7700
2012-03-08,199.9900,198.6500,199.8100
2012-03-09,201.1000,199.7200,200.6200
2012-03-12,201.5700,200.2300,201.0000
2012-03-13,203.9000,201.6107,203.7800
2012-03-14,205.1500,203.6400,204.7200
2012-03-15,206.1800,204.7400,206.0000
2012-03-16,207.5200,206.0100,206.0100
2012-03-19,206.5300,204.5000,205.7200
2012-03-20,205.0000,203.7020,204.2500
2012-03-21,205.7700,204.3000,204.6900
2012-03-22,205.9900,203.9600,205.4900
2012-03-23,205.9600,204.5600,205.4800
2012-03-26,207.9200,206.3200,207.7700
2012-03-27,208.6600,207.0000,207.1800
2012-03-28,208.6900,206.2700,207.2900
2012-03-29,208.5000,206.0200,208.2700
2012-03-30,209.1200,208.0120,208.6500
2012-04-02,209.6900,208.0900,209.4700
2012-04-03,210.6900,208.5400,209.5000
2012-04-04,206.9802,205.1900,206.0500
2012-04-05,205.6800,204.4600,205.4700
2012-04-09,206.1700,203.3700,204.9400
2012-04-10,205.7400,202.1700,202.3300
2012-04-11,204.3200,202.4593,202.5800
2012-04-12,205.5600,202.6400,205.3200
2012-04-13,204.6499,202.8000,202.8000
2012-04-16,205.9700,202.7200,202.7200
2012-04-17,207.6400,204.1500,207.4500
2012-04-18,204.0700,200.0000,200.1300
2012-04-19,201.2600,197.5210,199.5100
2012-04-20,200.1200,199.0900,199.6000
2012-04-23,199.1000,196.7910,198.6200
2012-04-24,202.4800,198.8700,200.0000
2012-04-25,203.6900,201.8000,203.5700
2012-04-26,206.2100,203.4000,205.5800
2012-04-27,208.1700,205.9100,206.8100
2012-04-30,207.9600,206.3200,207.0800
2012-05-01,208.9290,206.7100,208.0000
2012-05-02,208.2700,206.9100,208.0600
2012-05-03,208.9200,206.5500,207.2400
2012-05-04,207.1100,204.4000,204.9900
2012-05-07,204.7700,202.9000,203.7500
2012-05-08,203.0600,199.7180,201.4800
2012-05-09,203.0000,199.0600,201.2300
2012-05-10,203.2500,200.0200,200.6000
2012-05-11,202.1200,199.9500,201.1700
2012-05-14,200.7100,198.5600,199.4400
2012-05-15,201.4679,198.7600,199.0400
2012-05-16,201.3500,198.1800,199.7300
2012-05-17,200.7900,197.6400,197.8900
2012-05-18,198.7800,195.1600,195.8800
2012-05-21,197.9300,194.6300,197.7600
2012-05-22,198.2600,196.0600,196.8200
2012-05-23,196.4900,193.2000,196.1200
2012-05-24,196.2800,194.0000,196.0900
2012-05-25,196.0000,194.0000,194.3000
2012-05-29,198.0800,195.2200,196.4600
2012-05-30,195.4700,193.7700,194.5300
2012-05-31,194.9300,192.0000,192.9000
2012-06-01,191.7200,188.6000,189.0800
2012-06-04,189.3800,187.0000,188.5400
2012-06-05,189.8500,187.5600,189.2000
2012-06-06,194.0000,190.0200,193.9900
2012-06-07,195.8299,193.9400,194.4400
2012-06-08,195.1400,192.7000,195.1400
2012-06-11,196.7000,192.3700,192.5100
2012-06-12,194.6700,192.1400,194.5500
2012-06-13,195.1900,192.3450,193.1000
2012-06-14,195.8300,192.7400,195.1000
2012-06-15,199.2700,195.4000,199.1000
2012-06-18,199.6400,197.1700,198.2900
2012-06-19,199.9900,198.8000,198.9300
2012-06-20,199.7400,197.5000,198.7800
2012-06-21,199.4500,193.1900,193.3900
2012-06-22,194.8800,193.2200,193.7000
2012-06-25,193.3900,191.6800,192.8600
2012-06-26,193.6800,190.7500,191.9500
2012-06-27,193.7000,190.9000,193.0000
2012-06-28,192.0800,188.9000,191.4000
2012-06-29,195.8100,192.4100,195.5800
2012-07-02,197.2000,194.8500,195.8300
2012-07-03,196.3400,194.9100,195.9300
2012-07-05,196.8500,193.6300,195.2900
2012-07-06,193.9400,189.7400,191.4100
2012-07-09,190.9991,188.0500,189.6700
2012-07-10,191.1400,185.6000,186.2600
2012-07-11,187.3600,183.5100,185.2500
2012-07-12,184.3900,181.8500,183.0900
2012-07-13,186.3300,183.0300,186.0100
2012-07-16,186.1000,184.5800,184.7900
2012-07-17,186.2900,183.2000,183.6500
2012-07-18,188.5900,183.5500,188.2500
2012-07-19,196.8500,192.9700,195.3400
2012-07-20,194.9000,192.1700,192.4500
2012-07-23,191.3000,188.2000,190.8300
2012-07-24,191.3200,188.5600,190.3400
2012-07-25,192.7700,189.3200,191.0800
2012-07-26,194.9500,192.5700,193.9500
2012-07-27,197.4100,193.9500,196.3900
2012-07-30,197.8400,195.9200,196.6800
2012-07-31,197.5800,195.8800,195.9800
2012-08-01,197.8500,194.7200,195.1800
2012-08-02,196.6000,193.0200,194.4500
2012-08-03,198.9500,196.1600,198.5200
2012-08-06,199.9400,198.5200,198.7600
2012-08-07,200.8800,198.8000,199.9300
2012-08-08,199.6900,198.1600,199.0300
2012-08-09,199.4600,197.8900,198.4200
2012-08-10,199.3700,197.2400,199.2900
2012-08-13,199.9800,197.7900,199.0100
2012-08-14,199.3300,197.7200,198.2900
2012-08-15,199.3300,197.9200,198.4000
2012-08-16,201.3240,198.1200,200.8400
2012-08-17,202.0000,200.6600,201.2200
2012-08-20,201.1300,200.0300,200.5000
2012-08-21,201.0000,198.3700,198.6500
2012-08-22,198.6500,196.9050,197.2500
2012-08-23,197.3700,195.4400,195.7000
2012-08-24,198.1100,194.2000,197.7700
2012-08-27,198.3000,195.6100,195.6900
2012-08-28,196.1100,194.5000,194.8700
2012-08-29,196.0399,194.9000,195.0800
2012-08-30,195.4700,193.1800,193.3700
2012-08-31,195.9500,193.4600,194.8500
2012-09-04,197.1700,193.2500,194.5400
2012-09-05,195.8500,193.8900,195.0400
2012-09-06,199.4600,196.1100,199.1000
2012-09-07,199.5000,198.0800,199.5000
2012-09-10,201.8200,198.7300,200.9500
2012-09-11,203.4600,200.5100,203.2700
2012-09-12,204.6500,202.9600,203.7700
2012-09-13,206.8100,203.4600,206.3600
2012-09-14,207.6500,206.0500,206.8100
2012-09-17,207.9900,205.5500,207.1500
2012-09-18,207.8798,206.4800,207.0700
2012-09-19,207.5700,206.0100,206.4300
2012-09-20,206.9900,205.3000,206.1800
2012-09-21,207.9400,205.9210,205.9800
2012-09-24,206.0600,204.9000,205.2900
2012-09-25,207.3200,204.9500,204.9800
2012-09-26,205.9800,203.9000,204.0000
2012-09-27,206.9000,204.1400,205.9100
2012-09-28,208.3200,205.3100,207.4500
2012-10-01,211.7500,207.9400,210.4700
2012-10-02,211.4700,208.5000,209.8400
2012-10-03,211.3050,209.3000,210.5100
2012-10-04,210.9700,208.5300,210.3900
2012-10-05,211.7900,210.0600,210.5900
2012-10-08,210.6400,209.2100,209.8200
2012-10-09,210.7400,207.7000,207.9900
2012-10-10,208.2300,205.0500,205.8200
2012-10-11,207.2700,205.6300,205.7600
2012-10-12,207.9600,205.5600,207.8000
2012-10-15,209.4000,207.8200,208.9300
2012-10-16,211.0000,209.4740,211.0000
2012-10-17,203.4100,198.5500,200.6300
2012-10-18,200.1400,194.0700,194.9600
2012-10-19,196.0800,193.1800,193.3600
2012-10-22,194.6800,192.4400,194.4000
2012-10-23,194.0000,190.9400,191.2500
2012-10-24,193.2900,190.5600,190.7200
2012-10-25,192.4400,190.7100,191.6000
2012-10-26,193.8700,191.4700,193.2700
2012-10-31,196.4100,193.6300,194.5300
2012-11-01,197.8900,194.5500,197.1500
2012-11-02,198.0000,193.2900,193.4300
2012-11-05,194.9700,192.0100,194.1400
2012-11-06,196.7500,194.6800,195.0700
2012-11-07,193.6800,191.1600,191.1600
2012-11-08,191.8100,190.0900,190.1000
2012-11-09,191.6400,188.8800,189.6400
2012-11-12,190.7700,187.4070,189.2500
2012-11-13,190.8800,188.2500,188.3200
2012-11-14,189.2700,185.2800,185.5100
2012-11-15,187.2000,184.7800,185.8500
2012-11-16,187.5600,185.1000,186.9400
2012-11-19,190.3900,188.3000,190.3500
2012-11-20,190.1100,188.2500,189.2000
2012-11-21,190.8900,188.9500,190.2900
2012-11-23,193.4900,190.8000,193.4900
2012-11-26,193.3700,191.7700,192.8800
2012-11-27,193.0500,191.0000,191.2300
2012-11-28,192.0400,189.2700,191.9800
2012-11-29,192.9000,190.2000,191.5300
2012-11-30,192.0000,189.5010,190.0700
2012-12-03,191.3000,188.3600,189.4800
2012-12-04,190.7500,189.0200,189.3600
2012-12-05,189.4600,186.9400,188.6500
2012-12-06,190.1800,188.4100,189.7000
2012-12-07,192.2000,190.1100,191.9500
2012-12-10,193.5400,191.6500,192.6200
2012-12-11,194.8000,193.1500,194.2000
2012-12-12,194.7500,192.4600,192.9500
2012-12-13,193.0500,191.3700,191.9900
2012-12-14,193.4000,191.2600,191.7600
2012-12-17,193.9100,191.7600,193.6200
2012-12-18,195.9200,193.8400,195.6900
2012-12-19,196.4500,195.0000,195.0800
2012-12-20,194.9500,193.1600,194.7700
2012-12-21,194.5000,191.5700,193.4200
2012-12-24,193.8300,192.0200,192.4000
2012-12-26,193.5300,190.9500,191.9500
2012-12-27,193.2800,190.7000,192.7100
2012-12-28,192.2200,189.8300,189.8300
2012-12-31,191.6800,188.8400,191.5500
2013-01-02,196.3500,193.8000,196.3500
2013-01-03,196.2900,194.4400,195.2700
2013-01-04,194.4600,192.7800,193.9900
2013-01-07,193.7800,192.3400,193.1400
2013-01-08,193.3000,191.6050,192.8700
2013-01-09,193.4900,191.6500,192.3200
2013-01-10,192.9600,191.2800,192.8800
2013-01-11,195.0000,192.9000,194.4500
2013-01-14,193.2800,191.7500,192.6200
2013-01-15,192.7300,190.3900,192.5000
2013-01-16,193.1800,191.3500,192.5900
2013-01-17,194.4600,193.2400,193.6500
2013-01-18,195.0000,193.8000,194.4700
2013-01-22,196.0800,194.0100,196.0800
2013-01-23,208.5800,203.3600,204.7200
2013-01-24,205.0600,203.0800,204.4200
2013-01-25,205.1800,204.1300,204.9700
2013-01-28,206.2200,204.2900,204.9300
2013-01-29,205.7301,203.6400,203.9000
2013-01-30,204.8800,203.1860,203.5200
2013-01-31,204.4699,202.9600,203.0700
2013-02-01,205.3500,203.8400,205.1800
2013-02-04,205.0200,203.5700,203.7900
2013-02-05,204.7500,202.5100,202.7900
2013-02-06,201.2900,199.5600,201.0200
2013-02-07,200.9100,198.6800,199.7400
2013-02-08,202.0900,199.6800,201.6800
2013-02-11,201.9500,199.7500,200.1600
2013-02-12,200.7350,199.0200,200.0400
2013-02-13,200.9500,199.5700,200.0900
2013-02-14,200.3200,199.2600,199.6500
2013-02-15,201.2500,199.8200,200.9800
2013-02-19,201.8900,200.2200,200.3200
2013-02-20,201.7200,198.8600,199.3100
2013-02-21,199.0700,198.1100,198.3300
2013-02-22,201.0900,198.8400,201.0900
2013-02-25,202.4900,197.5100,197.5100
2013-02-26,199.9000,197.8400,199.1400
2013-02-27,202.7500,198.6000,202.3300
2013-02-28,203.1230,200.7900,200.8300
2013-03-01,202.9400,199.3600,202.9100
2013-03-04,205.1900,202.5500,205.1900
2013-03-05,207.7000,205.6900,206.5300
2013-03-06,208.4900,206.6600,208.3800
2013-03-07,209.6000,208.2400,209.4200
2013-03-08,210.7400,209.4300,210.3800
2013-03-11,210.1999,209.0400,210.0800
2013-03-12,210.7300,209.0900,210.5500
2013-03-13,212.3600,209.7700,212.0600
2013-03-14,215.8600,212.1500,215.8000
2013-03-15,215.9000,213.4100,214.9200
2013-03-18,214.5000,212.6400,213.2100
2013-03-19,215.1200,211.8290,213.4400
2013-03-20,215.8200,214.3000,215.0600
2013-03-21,213.0000,210.1100,212.2600
2013-03-22,213.1700,211.6190,212.0800
2013-03-25,212.8100,210.0500,210.7400
2013-03-26,212.5040,211.5000,212.3600
2013-03-27,212.1600,210.1000,210.8900
2013-03-28,213.4400,209.7350,213.3000
2013-04-01,213.5000,211.2500,212.3800
2013-04-02,214.7100,211.5700,214.3600
2013-04-03,214.8900,212.6275,212.6600
2013-04-04,212.9300,210.0400,211.3100
2013-04-05,209.8400,206.3400,209.4100
2013-04-08,209.3200,207.3300,209.3200
2013-04-09,210.0000,208.6100,209.2200
2013-04-10,212.5100,210.4700,212.0000
2013-04-11,213.0900,210.8500,212.9200
2013-04-12,211.4900,209.7800,211.3800
2013-04-15,211.6900,209.2600,209.2600
2013-04-16,212.0000,209.2000,212.0000
2013-04-17,211.0900,209.5000,209.6700
2013-04-18,210.2500,206.1500,207.1500
2013-04-19,196.5000,189.7600,190.0000
2013-04-22,191.3800,187.6800,187.8300
2013-04-23,192.5550,188.6100,191.6100
2013-04-24,192.5000,191.0900,191.7100
2013-04-25,195.1700,192.3200,193.9500
2013-04-26,194.7100,193.2500,194.3100
2013-04-29,199.6800,194.6500,199.1500
2013-04-30,202.5900,197.3500,202.5400
2013-05-01,202.1700,199.2000,199.6300
2013-05-02,202.4300,199.7500,202.3900
2013-05-03,205.3190,203.7500,204.5100
2013-05-06,203.9900,201.5200,202.7800
2013-05-07,203.7300,201.6500,203.6300
2013-05-08,204.8500,202.5100,204.8200
2013-05-09,205.0000,202.7200,203.2400
2013-05-10,204.5300,202.8200,204.4700
2013-05-13,204.4700,202.2200,202.4700
2013-05-14,203.6700,202.0800,203.2100
2013-05-15,203.6799,202.0400,203.3200
2013-05-16,206.5900,204.0000,204.6900
2013-05-17,209.5000,204.9900,208.4400
2013-05-20,209.1500,207.4200,207.6000
2013-05-21,209.4800,207.0000,208.6500
2013-05-22,210.1500,206.1210,206.9900
2013-05-23,208.6100,205.1300,206.1600
2013-05-24,206.4300,204.4200,205.7200
2013-05-28,208.5900,207.1600,207.7800
2013-05-29,208.4200,206.0400,207.9200
2013-05-30,210.9900,206.9700,209.3600
2013-05-31,211.9800,208.0200,208.0200
2013-06-03,210.0500,207.3300,208.9500
2013-06-04,209.0000,205.0800,206.1900
2013-06-05,206.2900,202.4000,202.7400
2013-06-06,204.2000,201.4700,203.8000
2013-06-07,206.3500,204.1100,206.3500
2013-06-10,206.9800,204.9000,205.0200
2013-06-11,205.9500,202.5100,203.9800
2013-06-12,205.2300,200.5100,201.2000
2013-06-13,204.4000,200.3400,203.7700
2013-06-14,204.7450,201.8100,202.2000
2013-06-17,205.1713,202.5500,203.0400
2013-06-18,206.0900,202.8700,204.8700
2013-06-19,205.0300,201.9300,201.9400
2013-06-20,201.7000,197.2800,197.3500
2013-06-21,198.5200,193.5401,195.4600
2013-06-24,194.9100,191.3400,193.5400
2013-06-25,195.5900,193.1500,194.9800
2013-06-26,196.2300,194.5000,194.8600
2013-06-27,196.9000,195.2900,195.6500
2013-06-28,192.6600,188.4100,191.1100
2013-07-01,193.8000,191.1200,191.2800
2013-07-02,193.2300,190.2600,191.5000
2013-07-03,194.2200,190.5100,193.2500
2013-07-05,195.1600,192.3500,194.9300
2013-07-08,195.7800,194.6100,194.9800
2013-07-09,192.8000,190.7800,191.3000
2013-07-10,193.4300,191.2714,192.2500
2013-07-11,194.1100,192.6100,192.8000
2013-07-12,193.6999,191.5901,192.0700
2013-07-15,194.8900,191.6800,194.0000
2013-07-16,194.5800,192.6850,193.8500
2013-07-17,194.8900,193.0300,194.5500
2013-07-18,200.9400,195.9900,197.9900
2013-07-19,197.9900,193.2400,193.5400
2013-07-22,195.7900,193.2804,194.0900
2013-07-23,196.4300,194.1000,194.9800
2013-07-24,197.3000,195.8610,196.6100
2013-07-25,197.8300,195.6600,197.2200
2013-07-26,197.3700,195.0000,197.3500
2013-07-29,197.1900,195.5300,196.2100
2013-07-30,197.8300,195.8100,196.0100
2013-07-31,196.9099,194.4900,195.0400
2013-08-01,197.1700,195.4100,195.8100
2013-08-02,195.5000,193.2215,195.1600
2013-08-05,195.8800,194.3500,195.5000
2013-08-06,192.5100,190.2700,190.9900
2013-08-07,189.9300,188.0500,188.5600
2013-08-08,189.8700,186.7900,187.9300
2013-08-09,189.1600,187.0000,187.8200
2013-08-12,189.5560,186.8900,189.0900
2013-08-13,189.9900,187.5600,188.4200
2013-08-14,188.9260,187.3000,187.5300
2013-08-15,187.0000,185.4500,185.7900
2013-08-16,186.4600,185.3400,185.3400
2013-08-19,186.5000,183.9787,184.2300
2013-08-20,185.6300,183.1685,184.5600
2013-08-21,186.5700,184.2800,184.8600
2013-08-22,186.2500,184.2500,185.1900
2013-08-23,185.7400,184.5700,185.4200
2013-08-26,187.0000,184.6800,184.7400
2013-08-27,184.5000,182.5701,182.7400
2013-08-28,183.4700,181.1000,182.1600
2013-08-29,183.7000,181.4400,182.6400
2013-08-30,182.9900,181.5100,182.2700
2013-09-03,184.3200,182.5100,183.9600
2013-09-04,184.1900,182.3100,183.1300
2013-09-05,185.0000,183.0700,184.1500
2013-09-06,184.9900,182.6500,183.0300
2013-09-09,185.4900,183.3100,184.9800
2013-09-10,187.6500,186.3700,186.6000
2013-09-11,190.8700,186.8200,190.7000
2013-09-12,191.3200,189.8500,190.7300
2013-09-13,193.1000,191.0000,192.1700
2013-09-16,194.8100,192.6100,193.1500
2013-09-17,194.1500,191.8300,192.1600
2013-09-18,194.8900,192.0000,194.4200
2013-09-19,194.8900,193.2200,193.3900
2013-09-20,194.4299,190.0200,190.0200
2013-09-23,192.4100,189.3301,190.9900
2013-09-24,191.5600,189.6600,189.9700
2013-09-25,190.6200,188.5000,189.4700
2013-09-26,191.7600,189.4550,190.2200
2013-09-27,188.9400,186.4500,186.9200
2013-09-30,186.7400,184.3400,185.1800
2013-10-01,186.6500,184.6500,186.3800
2013-10-02,186.3099,184.4100,184.9600
2013-10-03,184.9600,183.0000,183.8600
2013-10-04,185.1300,183.5800,184.1000
2013-10-07,183.3100,181.8500,182.0100
2013-10-08,181.9900,178.7100,178.7200
2013-10-09,181.6700,179.1000,181.3200
2013-10-10,184.7700,182.3580,184.7700
2013-10-11,186.2300,184.1200,186.1600
2013-10-14,186.9900,184.4200,186.9700
2013-10-15,185.9400,184.2200,184.6600
2013-10-16,186.7300,184.9940,186.7300
2013-10-17,177.0000,172.5700,174.8300
2013-10-18,175.0000,173.2500,173.7800
2013-10-21,174.7500,172.6301,172.8600
2013-10-22,175.5700,172.9512,174.9700
2013-10-23,175.9900,174.4000,175.7700
2013-10-24,177.8900,176.2500,177.8000
2013-10-25,179.1000,176.2600,176.8500
2013-10-28,177.8900,176.2000,177.3500
2013-10-29,182.3200,177.5000,182.1200
2013-10-30,182.1800,179.8600,180.1500
2013-10-31,181.6700,179.0400,179.2100
2013-11-01,180.3390,178.8800,179.2300
2013-11-04,180.8000,179.3400,180.2700
2013-11-05,179.8000,177.7100,177.8500
2013-11-06,179.7500,177.7800,179.1900
2013-11-07,181.3900,179.6000,180.0000
2013-11-08,180.0800,177.3500,179.9900
2013-11-11,183.3900,180.0400,182.8800
2013-11-12,184.0487,182.2600,183.0700
2013-11-13,183.5500,181.5900,183.5500
2013-11-14,183.2000,179.6600,182.2100
2013-11-15,183.2800,181.1600,183.1900
2013-11-18,184.9900,183.2700,184.4700
2013-11-19,186.2000,184.1500,185.2500
2013-11-20,186.2400,184.6450,185.1900
2013-11-21,185.7500,183.4110,184.1300
2013-11-22,184.9900,179.9200,181.3000
2013-11-25,180.7500,177.8200,178.9400
2013-11-26,178.9400,177.3100,177.3100
2013-11-27,180.1800,177.8200,178.9700
2013-11-29,180.7600,179.0000,179.6800
2013-12-02,179.5900,177.1200,177.4800
2013-12-03,178.2300,175.6400,176.0800
2013-12-04,177.5000,175.1600,175.7400
2013-12-05,176.8600,175.2800,176.0800
2013-12-06,178.0000,176.0100,177.6700
2013-12-09,178.1520,176.8300,177.4600
2013-12-10,177.6700,176.0600,177.1200
2013-12-11,177.7600,175.1000,175.2000
2013-12-12,175.8000,173.3000,173.3700
2013-12-13,174.3790,172.7300,172.8000
2013-12-16,178.3500,172.7300,177.8500
2013-12-17,177.4900,175.1200,175.7600
2013-12-18,178.7400,174.8510,178.7000
2013-12-19,180.5400,177.8800,180.2200
2013-12-20,182.0000,180.0200,180.0200
2013-12-23,182.9300,180.6100,182.2300
2013-12-24,183.5000,181.9100,183.2200
2013-12-26,185.5600,183.5100,185.3500
2013-12-27,186.5000,184.5600,185.0800
2013-12-30,186.7000,184.6700,186.4100
2013-12-31,187.7900,186.3000,187.5700
2014-01-02,187.4000,185.2000,185.5300
2014-01-03,187.3500,185.3000,186.6400
2014-01-06,187.3550,185.3000,186.0000
2014-01-07,190.3500,186.3800,189.7100
2014-01-08,189.4175,187.2600,187.9700
2014-01-09,189.5000,186.5500,187.3800
2014-01-10,188.5700,186.2800,187.2600
2014-01-13,186.9500,183.8600,184.1600
2014-01-14,186.4280,183.8818,185.9200
2014-01-15,188.6500,185.4900,187.7400
2014-01-16,188.9900,186.8000,188.7600
2014-01-17,190.8100,187.8600,190.0900
2014-01-21,190.3900,186.7900,188.4300
2014-01-22,183.5000,179.6700,182.2500
2014-01-23,183.7200,180.7100,182.7300
2014-01-24,182.8141,179.6400,179.6400
2014-01-27,179.6500,177.6600,177.9000
2014-01-28,178.4500,176.1600,176.8500
2014-01-29,178.5300,175.8900,176.4000
2014-01-30,177.8600,176.3600,177.3600
2014-01-31,177.8350,175.3400,176.6800
2014-02-03,176.0200,172.7200,172.9000
2014-02-04,173.7500,172.3600,172.8400
2014-02-05,174.9700,172.1900,174.2400
2014-02-06,174.8500,173.7900,174.6700
2014-02-07,177.5600,175.0700,177.2500
2014-02-10,177.6500,176.2500,177.1400
2014-02-11,180.3900,176.8000,179.7000
2014-02-12,181.2500,179.2600,180.2400
2014-02-13,182.3600,177.8600,181.8400
2014-02-14,184.4300,180.9900,183.6900
2014-02-18,184.0000,182.3200,183.1900
2014-02-19,185.6500,182.4100,182.9500
2014-02-20,184.8599,182.7900,184.2600
2014-02-21,185.7100,182.6200,182.7900
2014-02-24,185.1600,182.8200,183.4500
2014-02-25,184.6000,182.8800,183.2300
2014-02-26,185.2800,183.5600,184.0600
2014-02-27,185.9500,183.8100,185.2700
2014-02-28,186.1200,183.6500,185.1700
2014-03-03,184.6400,182.8200,184.2600
2014-03-04,187.1600,185.6800,186.4400
2014-03-05,187.9500,186.4000,187.1400
2014-03-06,188.3900,186.9000,187.6400
2014-03-07,188.9200,187.1800,187.6800
2014-03-10,188.3700,185.8490,186.3900
2014-03-11,188.4500,186.0400,186.7600
2014-03-12,187.4500,185.8900,186.2200
2014-03-13,187.0000,183.7100,183.9000
2014-03-14,184.2900,182.2100,182.2100
2014-03-17,186.3500,182.6600,185.8100
2014-03-18,187.9000,185.5400,186.8100
2014-03-19,186.7000,183.5001,184.7100
2014-03-20,188.2600,184.1700,187.9000
2014-03-21,188.7000,186.4000,186.6700
2014-03-24,189.4400,187.3700,188.2500
2014-03-25,195.3950,188.7000,195.0400
2014-03-26,195.6300,191.9600,192.6200
2014-03-27,192.6700,189.3220,189.8300
2014-03-28,192.6200,189.1100,190.4500
2014-03-31,193.7700,191.4000,192.4900
2014-04-01,195.1300,192.7800,194.5000
2014-04-02,194.5000,192.4900,193.5500
2014-04-03,193.3800,192.3500,192.6900
2014-04-04,193.9700,191.2800,191.7700
2014-04-07,195.3090,191.5700,194.5200
2014-04-08,194.1675,192.6898,193.2900
2014-04-09,197.0000,193.6000,196.6400
2014-04-10,199.2100,195.6600,195.6800
2014-04-11,197.0000,194.2700,195.1900
2014-04-14,198.2400,195.8800,197.7700
2014-04-15,197.4100,195.4200,197.0200
2014-04-16,198.7100,195.0000,196.4000
2014-04-17,190.7000,187.0100,190.0100
2014-04-21,192.8050,189.7400,192.2700
2014-04-22,193.0000,191.2000,192.1500
2014-04-23,192.4100,190.1100,191.7300
2014-04-24,192.2200,190.0300,190.2200
2014-04-25,190.6700,189.1100,189.6300
2014-04-28,193.9900,190.5800,193.1400
2014-04-29,195.9400,193.4100,195.1100
2014-04-30,196.8600,194.3500,196.4700
2014-05-01,196.7400,193.1500,193.5300
2014-05-02,193.8400,191.2500,191.4400
2014-05-05,191.4900,189.8000,191.2600
2014-05-06,190.9500,189.2500,190.0300
2014-05-07,190.3000,186.9300,189.3000
2014-05-08,190.5700,188.2300,188.9100
2014-05-09,190.5854,188.3700,190.0800
2014-05-12,193.0200,190.9400,192.5700
2014-05-13,193.0300,191.7600,192.1900
2014-05-14,191.9900,188.1700,188.7200
2014-05-15,189.0800,186.1800,186.4600
2014-05-16,187.4100,185.9300,187.0600
2014-05-19,187.1300,186.0400,187.0000
2014-05-20,186.7000,184.7000,184.8900
2014-05-21,187.1600,184.9500,186.3900
2014-05-22,186.4500,185.0300,185.6800
2014-05-23,186.1400,185.3101,185.9400
2014-05-27,185.6500,183.9300,184.7800
2014-05-28,184.8800,182.9400,183.0800
2014-05-29,183.7800,182.3300,183.7600
2014-05-30,184.5700,182.4900,184.3600
2014-06-02,186.2801,184.6700,185.6900
2014-06-03,185.7600,184.1200,184.3700
2014-06-04,185.4500,184.2000,184.5100
2014-06-05,186.0900,183.9200,185.9800
2014-06-06,187.6500,185.9000,186.3700
2014-06-09,187.6400,185.9600,186.2200
2014-06-10,186.2199,183.8200,184.2900
2014-06-11,184.2000,182.0100,182.2500
2014-06-12,182.5500,180.9100,181.2200
2014-06-13,183.0000,181.5200,182.5600
2014-06-16,182.7100,181.2350,182.3500
2014-06-17,182.8100,181.5600,182.2600
2014-06-18,183.6100,181.7900,183.6000
2014-06-19,184.4700,182.3560,182.8200
2014-06-20,182.6700,181.4000,181.5500
2014-06-23,182.2500,181.0000,182.1400
2014-06-24,183.0000,180.6500,180.8800
2014-06-25,180.9700,180.0600,180.7200
2014-06-26,181.3700,179.2700,180.3700
2014-06-27,182.4600,179.6600,181.7100
2014-06-30,181.9300,180.2600,181.2700
2014-07-01,187.2700,181.7000,186.3500
2014-07-02,188.9900,186.1700,188.3900
2014-07-03,188.8060,187.3500,188.5300
2014-07-07,188.2700,187.4400,188.0400
2014-07-08,188.0800,186.3700,187.2200
2014-07-09,188.9000,186.8900,188.4200
2014-07-10,188.0500,186.2100,187.7000
2014-07-11,188.3500,186.7050,188.0000
2014-07-14,190.4400,188.5300,189.8600
2014-07-15,190.0800,188.2100,188.4900
2014-07-16,193.3600,190.7600,192.3600
2014-07-17,195.9500,192.0000,192.4900
2014-07-18,193.4400,190.0000,192.5000
2014-07-21,191.7000,189.2500,190.8500
2014-07-22,194.7200,191.5600,194.0900
2014-07-23,194.9000,193.5700,193.6300
2014-07-24,195.6200,193.7500,195.2400
2014-07-25,195.9000,193.7901,194.4000
2014-07-28,196.4000,193.6500,195.7800
2014-07-29,195.8900,194.5400,194.5700
2014-07-30,195.9900,192.9000,194.0000
2014-07-31,194.2900,191.5400,191.6700
2014-08-01,191.5000,188.8600,189.1500
2014-08-04,189.9500,188.6000,189.6400
2014-08-05,189.1960,186.4400,187.1000
2014-08-06,186.8800,184.4400,185.9700
2014-08-07,186.6800,183.5800,184.3000
2014-08-08,186.6700,183.5800,186.6300
2014-08-11,188.3600,186.2800,187.4700
2014-08-12,188.6900,186.8100,187.3400
2014-08-13,188.4800,187.3700,187.9500
2014-08-14,188.1700,186.9300,187.8800
2014-08-15,188.8800,186.7900,187.3800
2014-08-18,189.8100,187.7600,189.3600
2014-08-19,190.2500,189.3600,190.0700
2014-08-20,190.3900,189.2500,190.1000
2014-08-21,192.0700,190.5000,191.2300
2014-08-22,191.8800,190.2900,190.4100
2014-08-25,191.8100,190.7100,191.1600
2014-08-26,193.5300,191.0200,192.9900
2014-08-27,194.1330,191.5600,192.2500
2014-08-28,192.2986,190.6600,192.0000
2014-08-29,192.7500,191.1400,192.3000
2014-09-02,192.9700,190.9300,191.5600
2014-09-03,192.9500,191.8600,191.9500
2014-09-04,192.6900,190.0600,190.6800
2014-09-05,191.7500,190.0900,191.2000
2014-09-08,191.2000,189.5100,190.1400
2014-09-09,190.7400,189.7800,189.9900
2014-09-10,192.1500,190.1000,191.5400
2014-09-11,192.7800,190.1200,191.7200
2014-09-12,191.6000,190.5700,191.2800
2014-09-15,192.4900,190.5800,191.8100
2014-09-16,193.5700,190.8200,192.9600
2014-09-17,193.6400,192.3000,192.8000
2014-09-18,194.1300,192.7100,193.7500
2014-09-19,195.0000,193.1900,194.0000
2014-09-22,194.1400,192.6300,193.1100
2014-09-23,193.0700,191.5200,191.6200
2014-09-24,192.4500,189.8800,192.3100
2014-09-25,192.5000,188.9700,189.0100
2014-09-26,190.3300,188.6100,190.0600
2014-09-29,189.9600,188.1200,189.6400
2014-09-30,190.8500,189.1500,189.8300
2014-10-01,190.4000,186.7900,187.1700
2014-10-02,187.7800,186.2400,186.9100
2014-10-03,189.3700,187.5600,188.6700
2014-10-06,190.8900,188.7100,189.0400
2014-10-07,188.1200,185.5400,185.7100
2014-10-08,189.6000,185.6100,189.3600
2014-10-09,189.5000,186.0900,186.4200
2014-10-10,187.7400,185.1000,185.9300
2014-10-13,186.6500,183.4200,183.5200
2014-10-14,185.7200,183.5900,183.8000
2014-10-15,183.7900,178.7488,181.7500
2014-10-16,181.4800,178.6900,179.8400
2014-10-17,182.8400,180.2200,182.0500
2014-10-20,170.3310,166.6900,169.1000
2014-10-21,166.6800,161.6800,163.2300
2014-10-22,165.4100,161.1000,161.7900
2014-10-23,162.8300,161.5400,162.1800
2014-10-24,162.4400,161.4500,162.0800
2014-10-27,162.9100,161.8100,161.8700
2014-10-28,163.6000,161.8000,163.6000
2014-10-29,164.6150,162.7600,163.4600
2014-10-30,164.6200,163.0200,164.3500
2014-10-31,165.5900,163.6165,164.4000
2014-11-03,164.5400,163.3750,164.3600
2014-11-04,164.3600,162.2400,162.6500
2014-11-05,163.5400,161.5600,161.8200
2014-11-06,161.5300,160.0500,161.4600
2014-11-07,162.2069,160.8500,162.0700
2014-11-10,164.4700,161.6100,163.4900
2014-11-11,163.9000,162.6000,163.3000
2014-11-12,163.0000,161.7600,161.9200
2014-11-13,162.8000,161.8000,162.7900
2014-11-14,164.4900,161.6900,164.1600
2014-11-17,164.9700,163.7200,164.1600
2014-11-18,164.7500,161.8900,161.8900
2014-11-19,162.1000,160.9600,161.4300
2014-11-20,161.5000,159.8000,160.6400
2014-11-21,161.9500,160.7500,160.9200
2014-11-24,163.8600,161.0600,162.1500
2014-11-25,163.5000,161.5600,161.7600
2014-11-26,162.1000,161.0100,161.9500
2014-11-28,163.3700,161.4400,162.1700
2014-12-01,163.3150,161.3500,161.5400
2014-12-02,162.7300,161.6400,162.6700
2014-12-03,164.5200,162.0000,164.5200
2014-12-04,164.5000,163.0100,164.0500
2014-12-05,164.5000,162.9100,163.2700
2014-12-08,163.2900,161.5400,161.8600
2014-12-09,163.0200,160.8000,162.9900
2014-12-10,163.3300,160.0300,160.5100
2014-12-11,162.9300,160.5200,161.0700
2014-12-12,160.5000,155.3300,155.3800
2014-12-15,156.7390,152.8400,153.0600
2014-12-16,154.8900,150.5000,151.4100
2014-12-17,153.3080,151.1100,151.9300
2014-12-18,157.6800,153.3000,157.6800
2014-12-19,160.4100,157.4900,158.5100
2014-12-22,161.9100,158.3300,161.4400
2014-12-23,162.9000,161.6100,162.2400
2014-12-24,162.9900,161.6100,161.8200
2014-12-26,163.0900,162.0100,162.3400
2014-12-29,162.3400,159.4500,160.5100
2014-12-30,160.8200,159.7900,160.0500
2014-12-31,161.5000,160.3800,160.4400
2015-01-02,163.3100,161.0000,162.0600
2015-01-05,161.2700,159.1900,159.5100
2015-01-06,159.9600,155.1700,156.0700
2015-01-07,157.2000,154.0300,155.0500
2015-01-08,159.0440,155.5500,158.4200
2015-01-09,160.3400,157.2500,159.1100
2015-01-12,159.2500,155.7600,156.4400
2015-01-13,159.9700,155.6800,156.8100
2015-01-14,156.4900,153.7400,155.8000
2015-01-15,156.9700,154.1600,154.5700
2015-01-16,157.6300,153.8200,157.1400
2015-01-20,157.3300,154.0300,156.9500
2015-01-21,154.5000,151.0700,152.0900
2015-01-22,155.7200,151.7600,155.3900
2015-01-23,157.6000,154.8900,155.8700
2015-01-26,159.4600,155.7700,156.3600
2015-01-27,155.0900,152.5900,153.6700
2015-01-28,154.5300,151.5500,151.5500
2015-01-29,155.5800,149.5200,155.4800
2015-01-30,155.2400,153.0400,153.3100
2015-02-02,154.6600,151.5100,154.6600
2015-02-03,158.6000,154.7500,158.4700
2015-02-04,158.7100,156.7000,156.9600
2015-02-05,158.5900,157.1501,157.9100
2015-02-06,158.0800,156.2300,156.7200
2015-02-09,157.5000,155.4000,155.7500
2015-02-10,158.5600,155.0800,158.5600
2015-02-11,159.0900,157.1700,158.2000
2015-02-12,159.5000,158.0900,158.5200
2015-02-13,160.8000,158.6400,160.4000
2015-02-17,161.4100,159.7300,160.9600
2015-02-18,162.4700,160.6400,162.1900
2015-02-19,164.4900,161.4400,163.8900
2015-02-20,164.3400,162.0900,163.6500
2015-02-23,164.4000,162.5000,162.9100
2015-02-24,164.9900,161.5100,164.8300
2015-02-25,164.9600,162.5800,162.8100
2015-02-26,164.1400,159.7700,160.8700
2015-02-27,162.2900,160.1600,161.9400
2015-03-02,161.8900,159.8101,160.4800
2015-03-03,161.7500,160.0000,161.0300
2015-03-04,160.5600,158.7200,159.4200
2015-03-05,161.5000,159.7030,161.1800
2015-03-06,161.4400,158.0600,158.5000
2015-03-09,161.1500,158.2000,160.7700
2015-03-10,160.2300,157.8100,157.8100
2015-03-11,159.1400,155.9350,156.8000
2015-03-12,158.7200,156.2700,157.9800
2015-03-13,157.5200,153.4000,154.2800
2015-03-16,157.0900,154.8000,157.0800
2015-03-17,157.2900,155.3700,156.9600
2015-03-18,160.7000,155.8000,159.8100
2015-03-19,160.9200,158.8100,159.8100
2015-03-20,163.0000,160.3500,162.8800
2015-03-23,165.3500,162.7300,164.6300
2015-03-24,164.8900,162.9000,163.0000
2015-03-25,163.0800,159.2000,159.2000
2015-03-26,161.2500,158.9100,160.5900
2015-03-27,160.9000,159.2300,160.4000
2015-03-30,163.6000,161.2500,162.6700
2015-03-31,162.3300,160.4000,160.5000
2015-04-01,160.6200,158.3900,159.1800
2015-04-02,162.5400,158.8900,160.4500
2015-04-06,162.8000,158.7020,162.0400
2015-04-07,163.8400,161.6200,162.0700
2015-04-08,163.5500,161.0100,161.8500
2015-04-09,162.4700,160.7200,162.3400
2015-04-10,163.3300,161.2500,162.8600
2015-04-13,164.0000,162.3600,162.3800
2015-04-14,162.7352,160.7900,162.3000
2015-04-15,164.9600,162.5000,164.1300
2015-04-16,163.9800,162.5400,163.1300
2015-04-17,161.8600,160.0300,160.6700
2015-04-20,166.6400,161.9000,166.1600
2015-04-21,167.3800,164.0500,164.2600
2015-04-22,166.0000,162.8900,165.3600
2015-04-23,171.9100,165.1400,170.2400
2015-04-24,170.8500,168.7400,169.7800
2015-04-27,171.4900,170.3000,170.7300
2015-04-28,174.6900,170.0200,173.9200
2015-04-29,175.1303,172.8000,174.4000
2015-04-30,174.2800,170.3000,171.2900
2015-05-01,174.0000,172.4200,173.6700
2015-05-04,176.3000,173.7000,173.9700
2015-05-05,174.2300,171.9600,173.0800
2015-05-06,174.0500,168.8600,170.0500
2015-05-07,171.9800,169.0400,170.9900
2015-05-08,173.3300,172.2400,172.6800
2015-05-11,172.9900,170.8600,171.1200
2015-05-12,171.4899,168.8400,170.5500
2015-05-13,172.7400,170.7500,172.2800
2015-05-14,174.4000,173.2200,174.0500
2015-05-15,174.4100,172.6000,173.2600
2015-05-18,173.4900,172.3000,173.0600
2015-05-19,173.7500,171.9300,173.4800
2015-05-20,174.4400,172.4600,173.7600
2015-05-21,174.1400,173.0350,173.3400
2015-05-22,173.3900,172.1900,172.2200
2015-05-26,172.1200,169.1300,170.1300
2015-05-27,172.4800,170.4900,172.0000
2015-05-28,171.8400,170.6600,171.7100
2015-05-29,171.3500,169.6500,169.6500
2015-06-01,171.0400,169.0300,170.1800
2015-06-02,170.4500,168.4300,169.6500
2015-06-03,171.5601,169.6300,169.9200
2015-06-04,170.6000,167.9300,168.3800
2015-06-05,168.9103,167.2000,167.4000
2015-06-08,167.2800,165.0200,165.3400
2015-06-09,166.0200,163.3700,165.6800
2015-06-10,169.3900,166.0600,168.9200
2015-06-11,170.4400,168.5400,168.7800
2015-06-12,168.3000,166.6900,166.9900
2015-06-15,166.4400,164.2500,166.2600
2015-06-16,167.4000,165.9100,166.8400
2015-06-17,167.8476,166.1000,167.1700
2015-06-18,168.7200,167.0500,168.2500
2015-06-19,168.4200,166.7700,166.9900
2015-06-22,168.3400,167.2000,167.7300
2015-06-23,169.9700,167.5730,168.6200
2015-06-24,168.8400,166.8301,166.9700
2015-06-25,168.1300,166.0800,166.0800
2015-06-26,166.8116,165.2300,165.4600
2015-06-29,165.3500,162.8900,162.9700
2015-06-30,164.0000,162.1200,162.6600
2015-07-01,165.6100,163.6000,164.4900
2015-07-02,165.3200,164.4200,165.0900
2015-07-06,165.2300,163.5200,164.7300
2015-07-07,165.3500,162.2317,165.0000
2015-07-08,164.9400,162.6800,163.1600
2015-07-09,165.5100,163.7000,163.8500
2015-07-10,167.4000,165.5150,166.9500
2015-07-13,169.8900,167.5200,169.3800
2015-07-14,169.5400,168.2400,168.6100
2015-07-15,169.2700,168.0000,168.5300
2015-07-16,171.0900,169.1600,171.0000
2015-07-17,172.5200,170.1000,172.5100
2015-07-20,173.7800,172.1400,173.2200
2015-07-21,166.3500,162.0200,163.0700
2015-07-22,163.0695,159.7000,160.3500
2015-07-23,162.7500,159.8300,161.7300
2015-07-24,161.9300,159.4100,159.7500
2015-07-27,160.1800,158.6000,159.0700
2015-07-28,160.1900,158.5000,160.0500
2015-07-29,161.5000,159.3900,161.0900
2015-07-30,161.4000,159.7500,160.9600
2015-07-31,162.0600,160.6300,161.9900
2015-08-03,161.8500,157.9000,158.7100
2015-08-04,158.8200,156.8700,157.6000
2015-08-05,159.5400,157.4800,157.9000
2015-08-06,157.5400,156.1800,156.3200
2015-08-07,156.2500,154.3350,155.1200
2015-08-10,157.4652,156.1200,156.7500
2015-08-11,155.9900,154.8600,155.5100
2015-08-12,156.5200,153.9500,156.1600
2015-08-13,156.0900,154.3171,155.0700
2015-08-14,156.2100,154.5800,155.7500
2015-08-17,156.6900,154.7000,156.3100
2015-08-18,156.5200,155.2500,156.0100
2015-08-19,155.6700,153.4100,153.9400
2015-08-20,153.9100,152.5000,152.6600
2015-08-21,153.1900,148.7000,148.8500
2015-08-24,147.7600,142.3200,143.4700
2015-08-25,147.1100,140.6200,140.9600
2015-08-26,146.9800,142.1400,146.7000
2015-08-27,148.9700,145.6600,148.5400
2015-08-28,148.2000,147.1800,147.9800
2015-08-31,148.4000,146.2600,147.8900
2015-09-01,144.9800,141.8500,142.6800
2015-09-02,145.0800,143.1800,145.0500
2015-09-03,148.0300,145.7700,146.7800
2015-09-04,145.4000,143.3200,143.7000
2015-09-08,147.3400,145.6600,147.2300
2015-09-09,149.0400,144.8500,145.0500
2015-09-10,147.1600,144.5100,146.2000
2015-09-11,147.5000,145.6700,147.3700
2015-09-14,147.3700,145.4100,145.6500
2015-09-15,147.9300,145.7600,147.5300
2015-09-16,148.8900,147.5400,148.4100
2015-09-17,149.6800,147.3000,148.1400
2015-09-18,146.3850,143.9800,144.5100
2015-09-21,146.9800,144.9200,146.4800
2015-09-22,145.0600,143.7699,144.4300
2015-09-23,144.5700,142.7500,143.6600
2015-09-24,145.0700,141.9500,144.4100
2015-09-25,146.2700,144.5300,145.4200
2015-09-28,145.3800,142.4700,142.5200
2015-09-29,142.6600,141.1501,142.4700
2015-09-30,145.7100,143.6600,144.9700
2015-10-01,145.6700,141.5900,143.5900
2015-10-02,144.5900,140.5600,144.5800
2015-10-05,149.8925,145.8200,149.0400
2015-10-06,150.1500,148.4900,148.7800
2015-10-07,150.7300,148.8565,150.0900
2015-10-08,153.0190,149.2900,152.2800
2015-10-09,153.1470,151.2700,152.3900
2015-10-12,152.5800,150.8500,151.1400
2015-10-13,150.7800,149.1800,149.6200
2015-10-14,150.6500,149.0200,150.0100
2015-10-15,151.2400,148.5800,150.0900
2015-10-16,151.2000,149.2600,150.3900
2015-10-19,149.9700,148.3800,149.2200
2015-10-20,142.8800,140.2700,140.6400
2015-10-21,142.6600,139.3000,140.9200
2015-10-22,145.0700,141.6200,144.0900
2015-10-23,145.4900,143.7000,144.6800
2015-10-26,145.0000,143.2100,143.6600
2015-10-27,143.8300,137.3300,137.8600
2015-10-28,141.2300,137.5000,140.8300
2015-10-29,140.8200,139.0201,140.5500
2015-10-30,141.3300,139.9000,140.0800
2015-11-02,140.5165,139.5700,140.3700
2015-11-03,142.8000,139.9000,141.8800
2015-11-04,142.6500,141.3000,141.6300
2015-11-05,142.3800,139.6300,139.8900
2015-11-06,139.5500,137.8700,138.2500
2015-11-09,138.0800,134.8800,135.3100
2015-11-10,135.7350,134.1200,135.4700
2015-11-11,136.2000,134.5000,135.0200
2015-11-12,134.7000,133.0100,133.0400
2015-11-13,133.0000,131.6500,131.7500
2015-11-16,134.0900,131.7900,133.7100
2015-11-17,134.8200,133.3100,133.8200
2015-11-18,135.9100,134.2600,135.8200
2015-11-19,137.7355,136.0100,136.7400
2015-11-20,138.9150,137.2500,138.5000
2015-11-23,138.8700,137.1200,138.4600
2015-11-24,139.3400,137.3100,138.6000
2015-11-25,138.4300,137.3750,138.0000
2015-11-27,138.8100,137.2100,138.4600
2015-11-30,139.9000,138.5200,139.4200
2015-12-01,141.4000,139.5800,141.2800
2015-12-02,141.2100,139.5000,139.7000
2015-12-03,140.7300,138.1900,138.9200
2015-12-04,141.0200,137.9900,140.4300
2015-12-07,140.4100,138.8100,139.5500
2015-12-08,139.0600,137.5300,138.0500
2015-12-09,139.8400,136.2300,136.6100
2015-12-10,137.8500,135.7201,136.7800
2015-12-11,135.4400,133.9100,134.5700
2015-12-14,136.1400,134.0200,135.9300
2015-12-15,138.9700,137.2800,137.7900
2015-12-16,139.6500,137.7900,139.2900
2015-12-17,139.5000,136.3075,136.7500
2015-12-18,136.9600,134.2700,134.9000
2015-12-21,135.8300,134.0200,135.5000
2015-12-22,138.1900,135.6500,137.9300
2015-12-23,139.3050,138.1100,138.5400
2015-12-24,138.8800,138.1100,138.2500
2015-12-28,138.0450,136.5400,137.6100
2015-12-29,140.0600,138.2000,139.7800
2015-12-30,140.4400,139.2200,139.3400
2015-12-31,139.1000,137.5700,137.6200
2016-01-04,135.9700,134.2400,135.9500
2016-01-05,136.8900,134.8501,135.8500
2016-01-06,135.5800,133.6200,135.1700
2016-01-07,135.0200,132.4300,132.8600
2016-01-08,133.8160,131.3200,131.6300
2016-01-11,133.8200,131.7600,133.2300
2016-01-12,133.7800,131.1300,132.9000
2016-01-13,134.2799,131.1000,131.1700
2016-01-14,133.7900,131.2200,132.9100
2016-01-15,130.8800,128.8700,130.0300
2016-01-19,132.1000,128.0600,128.1100
2016-01-20,123.9900,118.0000,121.8600
2016-01-21,125.1000,120.5751,122.9100
2016-01-22,124.7400,121.7700,122.5000
2016-01-25,124.2300,121.6400,122.0800
2016-01-26,123.6100,122.2400,122.5900
2016-01-27,123.3700,120.6500,120.9600
2016-01-28,122.8300,121.0100,122.2200
2016-01-29,124.7900,122.9600,124.7900
2016-02-01,125.2900,123.7100,124.8300
2016-02-02,124.1400,122.6400,122.9400
2016-02-03,125.4499,122.2900,124.7200
2016-02-04,128.5000,125.0000,127.6500
2016-02-05,128.6400,125.8500,128.5700
2016-02-08,127.5100,124.1300,126.9800
2016-02-09,126.9300,123.7700,124.0700
2016-02-10,125.2900,119.8400,120.1900
2016-02-11,119.6600,116.9010,117.8500
2016-02-12,121.0500,118.3500,121.0400
2016-02-16,123.0900,121.3400,122.7400
2016-02-17,126.5700,123.2500,126.1000
2016-02-18,134.0000,129.7500,132.4500
2016-02-19,133.6500,130.8400,133.0800
2016-02-22,134.3100,132.4100,133.7700
2016-02-23,133.4100,132.0100,132.4000
2016-02-24,133.4900,129.6800,132.8000
2016-02-25,134.5100,130.8800,134.5000
2016-02-26,134.9200,131.9500,132.0300
2016-02-29,133.3600,130.9000,131.0300
2016-03-01,134.6400,132.0300,134.3700
2016-03-02,137.4400,133.2200,136.3000
2016-03-03,137.9602,136.0700,137.8000
2016-03-04,139.4200,137.0200,137.8000
2016-03-07,140.5100,136.8718,140.1500
2016-03-08,140.3500,137.4200,139.0700
2016-03-09,142.1700,139.2300,140.4100
2016-03-10,141.4700,138.0900,140.1900
2016-03-11,142.9236,140.5100,142.3600
2016-03-14,143.1900,141.0400,142.7800
2016-03-15,143.3300,141.5400,142.9600
2016-03-16,144.8800,142.1100,144.7900
2016-03-17,147.3200,144.4500,147.0400
2016-03-18,147.5100,145.5100,147.0900
2016-03-21,148.7100,146.7201,148.6300
2016-03-22,149.2800,147.8400,148.1000
2016-03-23,148.0300,145.1300,145.4000
2016-03-24,148.2200,144.4900,147.9500
2016-03-28,148.6500,147.2300,148.4000
2016-03-29,149.7600,147.5000,149.3300
2016-03-30,150.4100,148.3200,148.4100
2016-03-31,153.1000,149.3600,151.4500
2016-04-01,152.9600,150.2500,152.5200
2016-04-04,153.5200,151.9100,152.0700
2016-04-05,151.6000,149.6500,150.0000
2016-04-06,150.1500,147.8100,150.0200
2016-04-07,149.6000,148.0000,148.2500
2016-04-08,149.9900,148.1200,149.3500
2016-04-11,151.9500,149.2200,149.2500
2016-04-12,150.1100,148.5800,149.6300
2016-04-13,151.2300,149.6300,151.2300
2016-04-14,152.7600,150.3800,151.1600
2016-04-15,152.1000,150.9600,151.7200
2016-04-18,153.1400,151.4900,152.5300
2016-04-19,146.9500,142.6100,144.0000
2016-04-20,147.2000,144.0000,146.1100
2016-04-21,150.1200,146.4600,149.3000
2016-04-22,151.0000,147.5000,148.5000
2016-04-25,148.9000,147.1100,148.8100
2016-04-26,149.7900,147.9000,149.0800
2016-04-27,150.7800,148.9700,150.4700
2016-04-28,150.1800,146.7250,147.0700
2016-04-29,147.3400,144.1910,145.9400
2016-05-02,147.0000,144.4300,145.2700
2016-05-03,144.9000,142.9000,144.1300
2016-05-04,145.0000,143.3100,144.2500
2016-05-05,147.3000,145.4500,146.4700
2016-05-06,147.9700,144.4700,147.2900
2016-05-09,148.2000,147.0100,147.3400
2016-05-10,150.0400,147.7400,149.9700
2016-05-11,151.0900,148.7400,148.9500
2016-05-12,149.3900,147.1100,148.8400
2016-05-13,149.8600,147.4200,147.7200
2016-05-16,149.9900,147.4400,149.4600
2016-05-17,149.5000,147.2900,148.0000
2016-05-18,148.5200,146.3600,147.3400
2016-05-19,146.9300,143.9550,144.9300
2016-05-20,147.5100,145.5500,147.2500
2016-05-23,147.9500,146.6600,146.7700
2016-05-24,148.7500,146.8800,148.3100
2016-05-25,152.0900,148.5001,151.6900
2016-05-26,152.5100,151.0500,152.4400
2016-05-27,152.9300,152.1500,152.8400
2016-05-31,153.8100,152.2700,153.7400
2016-06-01,153.2700,151.5400,152.5100
2016-06-02,153.5000,152.1200,153.5000
2016-06-03,153.0400,151.7000,152.8900
2016-06-06,153.9500,152.3400,152.7300
2016-06-07,153.9300,152.6600,153.3300
2016-06-08,154.0900,153.0400,154.0000
2016-06-09,153.7600,152.7300,153.4200
2016-06-10,153.3299,151.8600,152.3700
2016-06-13,152.5000,150.2800,151.2800
2016-06-14,151.7900,150.4000,151.0600
2016-06-15,151.7925,150.6000,150.6800
2016-06-16,151.2950,149.0000,151.0600
2016-06-17,152.7200,150.6044,151.9900
2016-06-20,154.6700,152.5200,153.6100
2016-06-21,154.5689,153.6900,154.0500
2016-06-22,154.7100,152.2700,152.9200
2016-06-23,155.4800,152.6000,155.3500
2016-06-24,150.6100,146.1800,146.5900
2016-06-27,146.6000,142.5000,143.5000
2016-06-28,145.7300,144.2200,145.7000
2016-06-29,148.4800,146.4500,148.4600
2016-06-30,151.9100,148.6700,151.7800
2016-07-01,152.9700,151.4000,152.3500
2016-07-05,152.0000,150.7600,151.6800
2016-07-06,152.4100,149.9200,152.3700
2016-07-07,153.6891,151.8900,152.6000
2016-07-08,154.6000,153.0800,154.4600
2016-07-11,156.0400,154.5000,155.3300
2016-07-12,157.1200,155.5200,157.0400
2016-07-13,158.3400,157.0600,158.0200
2016-07-14,161.4000,158.5800,160.2800
2016-07-15,159.9800,158.5000,159.7800
2016-07-18,160.7500,158.7300,159.8600
2016-07-19,162.1400,157.8900,159.5800
2016-07-20,161.7100,159.6000,161.3600
2016-07-21,161.8500,159.8900,160.4500
2016-07-22,162.1700,160.4790,162.0700
2016-07-25,162.8800,161.7500,162.6500
2016-07-26,163.6000,161.3700,162.1200
2016-07-27,162.5700,161.1800,161.8300
2016-07-28,161.8100,160.7100,161.3700
2016-07-29,161.6700,160.0300,160.6200
2016-08-01,161.6500,159.8400,161.4500
2016-08-02,161.4499,160.3600,160.5800
2016-08-03,160.8600,159.8000,160.6700
2016-08-04,161.7000,160.1200,161.5500
2016-08-05,163.5100,161.5700,163.5000
2016-08-08,163.2700,161.5800,162.0400
2016-08-09,162.7720,161.6450,161.7700
2016-08-10,162.6600,161.9550,162.0800
2016-08-11,164.9500,162.1800,163.5300
2016-08-12,163.4600,161.5200,161.9500
2016-08-15,162.9700,161.7800,161.8800
2016-08-16,161.9300,160.6900,160.7000
2016-08-17,161.1600,159.8400,160.4400
2016-08-18,162.0000,160.4401,161.3600
2016-08-19,160.9100,159.5200,160.0400
2016-08-22,160.5700,159.1300,160.0000
2016-08-23,161.3400,160.2300,160.2600
2016-08-24,160.1800,158.3200,159.0500
2016-08-25,159.5400,158.4200,158.6300
2016-08-26,160.4400,157.8500,158.3200
2016-08-29,160.2100,158.5000,159.7200
2016-08-30,160.1500,158.8100,159.4000
2016-08-31,159.6600,158.2600,158.8800
2016-09-01,159.6200,158.1000,159.5400
2016-09-02,160.5700,159.1500,159.5500
2016-09-06,160.8600,159.1100,160.3500
2016-09-07,161.7600,160.0000,161.6400
2016-09-08,161.2100,158.7600,159.0000
2016-09-09,158.4000,155.6500,155.6900
2016-09-12,158.5300,154.8400,158.2900
2016-09-13,157.9300,155.5000,155.8100
2016-09-14,155.8700,153.3900,154.0500
2016-09-15,156.3300,153.2100,155.6600
2016-09-16,155.4000,153.4700,153.8400
2016-09-19,156.1900,154.5500,154.8700
2016-09-20,156.5700,154.4500,154.4500
2016-09-21,155.6800,153.8700,155.5300
2016-09-22,157.2200,155.6900,156.1100
2016-09-23,156.0400,154.7100,154.9800
2016-09-26,154.4600,153.4600,153.9800
2016-09-27,156.7700,153.8100,156.7700
2016-09-28,158.6250,156.2300,158.2900
2016-09-29,165.0000,157.4600,158.1100
2016-09-30,159.8380,158.0600,158.8500
2016-10-03,158.3700,157.0200,157.6100
2016-10-04,158.5300,155.8200,156.4600
2016-10-05,157.8300,156.7200,157.0800
2016-10-06,157.4300,155.8900,156.8800
2016-10-07,157.7000,154.8600,155.6700
2016-10-10,158.4900,156.6550,157.0200
2016-10-11,156.9500,153.8900,154.7900
2016-10-12,154.9700,153.0800,154.2900
2016-10-13,154.2200,152.2700,153.7200
2016-10-14,155.5300,154.0900,154.4500
2016-10-17,155.8900,154.3400,154.7700
2016-10-18,151.0000,147.7900,150.7200
2016-10-19,152.4500,150.8300,151.2600
2016-10-20,152.9000,151.0200,151.5200
2016-10-21,151.1500,149.5600,149.6300
2016-10-24,151.5200,150.4000,150.5700
2016-10-25,151.1600,149.8300,150.8800
2016-10-26,152.9400,150.2550,151.8100
2016-10-27,154.0600,152.0200,153.3500
2016-10-28,154.4400,152.1800,152.6100
2016-10-31,154.3300,152.7600,153.6900
2016-11-01,153.9100,151.7400,152.7900
2016-11-02,153.3450,151.6700,151.9500
2016-11-03,153.7400,151.8000,152.3700
2016-11-04,153.6400,151.8700,152.4300
2016-11-07,156.1100,153.8400,155.7200
2016-11-08,155.9300,153.0600,155.1700
2016-11-09,155.5600,151.0000,154.8100
2016-11-10,161.1600,157.5900,160.2200
2016-11-11,161.3400,159.3300,161.2700
2016-11-14,161.8600,157.5800,158.2100
2016-11-15,159.1500,157.5500,158.6700
2016-11-16,159.5500,158.0300,159.2900
2016-11-17,159.9300,158.8500,159.8000
2016-11-18,160.7200,159.2100,160.3900
2016-11-21,163.0000,160.3697,162.7700
2016-11-22,163.0000,161.9500,162.6700
2016-11-23,162.3800,161.3557,161.9800
2016-11-25,163.1900,161.8300,163.1400
2016-11-28,164.6600,162.7000,164.5200
2016-11-29,164.4100,163.0300,163.5300
2016-11-30,163.8000,162.2100,162.2200
2016-12-01,162.1950,158.3000,159.8200
2016-12-02,160.2900,158.4100,160.0200
2016-12-05,161.1500,159.5875,159.8400
2016-12-06,160.7900,158.9300,160.3500
2016-12-07,165.1800,160.3900,164.7900
2016-12-08,166.0000,164.2200,165.3600
2016-12-09,166.7200,164.6042,166.5200
2016-12-12,166.7900,165.0700,165.5000
2016-12-13,169.9520,165.6800,168.2900
2016-12-14,169.8900,167.4500,168.5100
2016-12-15,169.8500,167.7800,168.0200
2016-12-16,169.1100,166.0600,166.7300
2016-12-19,167.2600,166.0000,166.6800
2016-12-20,168.2500,166.4500,167.6000
2016-12-21,167.9400,165.2500,167.3300
2016-12-22,168.2300,166.5800,167.0600
2016-12-23,167.4900,166.4500,166.7100
2016-12-27,167.9800,166.8500,167.1400
2016-12-28,167.7400,166.0000,166.1900
2016-12-29,166.9900,166.0000,166.6000
2016-12-30,166.7000,165.5000,165.9900
2017-01-03,167.8700,166.0100,167.1900
2017-01-04,169.8700,167.3600,169.2600
2017-01-05,169.3900,167.2600,168.7000
2017-01-06,169.9200,167.5200,169.5300
2017-01-09,169.8000,167.6200,167.6500
2017-01-10,168.0900,165.3400,165.5200
2017-01-11,167.7600,165.6000,167.7500
2017-01-12,168.0100,165.5600,167.9500
2017-01-13,168.4800,166.8750,167.3400
2017-01-17,168.1800,166.1201,167.8900
2017-01-18,168.5900,166.6900,166.8000
2017-01-19,167.4500,165.8000,166.8100
2017-01-20,170.6400,166.0000,170.5500
2017-01-23,171.2500,170.0100,171.0300
2017-01-24,176.0000,171.1600,175.9000
2017-01-25,179.2500,176.1300,178.2900
2017-01-26,178.8800,177.5100,178.6600
2017-01-27,179.2000,177.3000,177.3000
2017-01-30,177.0700,174.5768,175.8000
2017-01-31,175.5800,173.6100,174.5200
2017-02-01,175.7025,172.8900,174.2900
2017-02-02,174.9700,173.5500,174.5800
2017-02-03,176.3400,174.8900,175.8200
2017-02-06,175.9800,174.3800,175.8600
2017-02-07,178.6200,175.9000,178.4600
2017-02-08,177.5000,175.8800,176.1700
2017-02-09,177.8000,175.9100,177.2100
2017-02-10,178.8701,176.7600,178.6800
2017-02-13,179.9000,178.8400,179.3600
2017-02-14,180.1300,178.3500,180.1300
2017-02-15,181.9200,179.8100,181.6800
2017-02-16,182.7900,180.8700,181.4300
2017-02-17,181.5700,180.0000,180.6700
2017-02-21,180.7900,179.1200,180.2600
2017-02-22,181.3400,180.0900,181.1500
2017-02-23,182.5000,180.9200,181.6500
2017-02-24,181.4900,179.8900,181.3500
2017-02-27,181.2500,179.2800,179.4000
2017-02-28,180.6300,179.3500,179.8200
2017-03-01,182.5500,180.0300,181.9500
2017-03-02,181.8800,180.4300,180.5300
2017-03-03,181.3200,179.7649,180.0500
2017-03-06,180.9900,179.5700,180.4700
2017-03-07,181.2900,180.1997,180.3800
2017-03-08,180.9500,179.3000,179.4500
2017-03-09,179.2500,175.8800,177.1800
2017-03-10,179.4900,177.4200,177.8300
2017-03-13,178.0600,176.4150,176.4600
2017-03-14,176.8200,175.2110,175.7200
2017-03-15,176.2800,174.7500,175.8100
2017-03-16,179.0000,176.8200,177.2400
2017-03-17,176.7900,175.6500,175.6500
2017-03-20,176.1800,175.1400,175.7000
2017-03-21,176.2300,173.8400,173.8800
2017-03-22,175.0600,172.8000,174.7800
2017-03-23,175.6700,173.5600,174.8200
2017-03-24,175.5000,173.3900,173.8300
2017-03-27,174.1600,172.0937,173.7700
2017-03-28,175.0000,173.0000,174.5100
2017-03-29,174.4900,173.4600,173.9400
2017-03-30,174.5900,173.6900,173.8600
2017-03-31,174.9500,173.6900,174.1400
2017-04-03,174.8700,173.3800,174.5000
2017-04-04,174.9600,173.2600,174.5200
2017-04-05,176.3300,172.8100,172.8800
2017-04-06,173.4700,172.2500,172.4500
2017-04-07,172.9300,171.2800,172.1400
2017-04-10,172.5600,171.0000,171.2000
2017-04-11,171.2300,168.9800,170.5800
2017-04-12,171.2000,170.0200,170.6600
2017-04-13,171.3600,169.5300,169.5300
2017-04-17,171.3000,169.6200,171.1000
2017-04-18,171.6900,169.8300,170.0500
2017-04-19,162.6400,159.6000,161.6900
2017-04-20,162.4000,160.5000,162.3000
2017-04-21,162.1100,160.3800,160.3800
2017-04-24,161.5700,160.4200,160.7500
2017-04-25,162.0400,160.3800,160.3900
2017-04-26,161.1000,159.8900,160.0600
2017-04-27,160.4800,159.6300,160.3200
2017-04-28,160.5900,159.7000,160.2900
2017-05-01,160.4200,158.7000,158.8400
2017-05-02,159.4900,158.6400,159.1000
2017-05-03,159.4500,158.5200,158.6300
2017-05-04,159.1400,158.3600,159.0500
2017-05-05,155.7800,153.0000,155.0500
2017-05-08,153.4700,152.2000,153.0300
2017-05-09,153.1000,151.5552,152.1100
2017-05-10,152.3700,151.1300,151.2500
2017-05-11,151.1500,149.7900,150.6500
2017-05-12,151.2650,150.0000,150.3700
2017-05-15,151.8300,150.4502,151.5100
2017-05-16,153.9900,151.6600,153.6800
2017-05-17,154.1400,150.8900,150.9300
2017-05-18,151.3300,150.1100,150.7800
2017-05-19,152.4600,150.8900,151.9800
2017-05-22,152.8400,151.5992,152.6400
2017-05-23,153.6800,151.9200,152.0300
2017-05-24,152.7600,151.2300,152.5100
2017-05-25,153.7300,152.9459,153.2000
2017-05-26,153.0000,152.0600,152.4900
2017-05-30,152.6700,151.5900,151.7300
2017-05-31,152.8000,151.6500,152.6300
2017-06-01,152.8700,151.6300,152.6700
2017-06-02,153.2000,151.8000,152.0500
2017-06-05,152.9300,151.6826,152.4100
2017-06-06,152.8900,152.0000,152.3700
2017-06-07,154.2000,150.8000,150.9800
2017-06-08,152.8200,150.9200,152.1000
2017-06-09,154.2650,151.8800,154.1000
2017-06-12,157.2000,154.0200,155.1800
2017-06-13,155.4800,154.1500,154.2500
2017-06-14,154.9399,152.9400,153.8100
2017-06-15,154.6900,153.2900,154.2200
2017-06-16,155.4200,152.9676,155.3800
2017-06-19,155.8600,154.5400,154.8400
2017-06-20,155.3890,154.2500,154.9500
2017-06-21,155.7900,153.3900,153.7900
2017-06-22,154.9900,153.6900,154.4000
2017-06-23,154.6800,153.8000,154.1100
2017-06-26,155.7500,154.6300,155.2300
2017-06-27,155.3400,154.5000,154.7500
2017-06-28,155.5500,154.7800,155.3200
2017-06-29,155.7400,153.6200,154.1300
2017-06-30,154.5000,153.1400,153.8300
2017-07-03,156.0250,153.5200,155.5800
2017-07-05,155.8900,153.6300,153.6700
2017-07-06,153.8300,152.2300,152.3600
2017-07-07,153.4900,152.1400,152.9400
2017-07-10,153.8900,152.6300,153.4200
2017-07-11,153.6500,152.0500,153.1900
2017-07-12,154.2400,153.0500,153.7000
2017-07-13,154.1900,153.1900,153.6300
2017-07-14,154.6150,153.4000,154.2400
2017-07-17,153.8800,152.2399,153.0100
2017-07-18,154.2900,152.0000,154.0000
2017-07-19,150.2500,146.7100,147.5300
2017-07-20,148.8300,147.0300,147.6600
2017-07-21,147.8700,146.5100,147.0800
2017-07-24,147.0400,145.8000,145.9900
2017-07-25,147.4900,146.0300,146.1900
2017-07-26,146.4600,144.4700,145.3600
2017-07-27,145.3950,143.6400,145.0700
2017-07-28,145.0400,143.8400,144.2900
2017-07-31,144.9300,144.1700,144.6700
2017-08-01,145.6700,144.7200,145.3000
2017-08-02,145.2900,144.2200,144.4500
2017-08-03,145.3400,144.4300,144.9400
2017-08-04,145.3900,144.4000,145.1600
2017-08-07,145.0900,142.7500,143.4700
2017-08-08,142.7600,142.0000,142.1100
2017-08-09,142.0300,141.1900,141.7700
2017-08-10,142.4200,141.2300,141.8400
2017-08-11,142.5900,141.5200,141.8400
2017-08-14,142.7600,141.9400,142.3200
2017-08-15,143.3400,140.5800,142.0700
2017-08-16,142.9100,141.6100,142.5000
2017-08-17,142.8900,140.7000,140.7000
2017-08-18,141.1500,139.5800,139.7000
2017-08-21,140.4200,139.1300,140.3300
2017-08-22,141.1500,140.3800,141.0100
2017-08-23,143.0500,140.6800,142.1400
2017-08-24,143.6800,142.2500,142.9400
2017-08-25,144.1900,143.2500,143.7400
2017-08-28,144.5600,142.3900,142.5100
2017-08-29,143.4250,141.9000,143.1400
2017-08-30,143.2800,142.4100,142.5600
2017-08-31,143.6600,142.6300,143.0300
2017-09-01,144.5000,142.9800,144.0800
2017-09-05,144.3575,142.7000,143.0400
2017-09-06,144.4700,143.5000,143.8200
2017-09-07,144.6400,142.4100,142.9000
2017-09-08,143.1500,141.6400,142.4500
2017-09-11,145.1300,143.0100,144.8600
2017-09-12,146.3700,144.5100,145.7600
2017-09-13,146.2900,145.3400,145.9900
2017-09-14,146.3800,145.5100,145.5400
2017-09-15,145.1700,144.0800,144.8200
2017-09-18,145.4799,144.2700,144.5500
2017-09-19,144.9800,144.2200,144.3900
2017-09-20,145.8800,144.4200,145.8800
2017-09-21,145.8911,145.1000,145.2600
2017-09-22,145.5900,144.5900,145.1300
2017-09-25,146.0300,144.9100,145.8700
2017-09-26,147.4200,145.9400,146.5600
2017-09-27,146.9000,145.0300,145.6600
2017-09-28,145.8600,144.2100,145.6600
2017-09-29,145.6900,144.9200,145.0800
2017-10-02,146.8650,145.2100,146.6600
2017-10-03,147.1999,146.3400,146.7800
2017-10-04,147.0200,146.1100,146.4800
2017-10-05,147.5400,146.4800,146.7200
2017-10-06,146.8500,146.3200,146.4800
2017-10-09,147.7900,146.3500,147.3900
2017-10-10,148.9500,147.6500,148.5000
2017-10-11,148.4700,147.2800,147.6200
2017-10-12,147.8900,146.7700,147.0300
2017-10-13,147.8500,146.9400,147.1000
2017-10-16,147.6700,146.5100,146.8300
2017-10-17,147.1200,146.1800,146.5400
2017-10-18,161.2300,156.9500,159.5300
2017-10-19,160.9600,159.0850,160.9000
2017-10-20,162.4800,159.7700,162.0700
2017-10-23,162.5100,159.5400,159.5500
2017-10-24,159.7000,155.1710,155.8800
2017-10-25,156.3700,153.0600,153.4950
2017-10-26,155.1200,153.5400,153.6000
2017-10-27,154.6300,152.9110,153.6800
2017-10-30,154.5900,152.7100,154.3600
2017-10-31,154.9300,152.9300,154.0600
2017-11-01,154.9000,153.8300,154.0300
2017-11-02,154.4900,152.9100,153.3500
2017-11-03,153.4700,151.4900,151.5800
2017-11-06,151.8200,150.2800,150.8400
2017-11-07,151.5100,150.5000,151.3500
2017-11-08,151.7944,150.2800,151.5700
2017-11-09,151.8000,149.8600,150.3000
2017-11-10,150.8900,149.1400,149.1600
2017-11-13,149.0000,147.9200,148.4000
2017-11-14,148.9700,147.4900,148.8900
2017-11-15,148.7050,146.2110,147.1000
2017-11-16,149.6500,147.5000,149.1200
2017-11-17,150.1500,148.8300,148.9700
2017-11-20,151.9500,149.9000,150.5100
2017-11-21,152.4500,151.2000,151.9500
2017-11-22,152.3900,151.3300,151.7700
2017-11-24,152.2000,151.3300,151.8400
2017-11-27,152.4900,151.6200,151.9800
2017-11-28,152.9300,151.7000,152.4700
2017-11-29,153.6100,152.1700,153.5500
2017-11-30,154.4100,153.0800,153.9700
2017-12-01,155.0200,152.9100,154.7600
2017-12-04,156.8000,155.0700,156.4600
2017-12-05,156.7400,154.6800,155.3500
2017-12-06,156.2200,154.0900,154.1000
2017-12-07,154.4500,153.2600,153.5700
2017-12-08,155.0300,153.5500,154.8100
2017-12-11,155.8900,154.5700,155.4100
2017-12-12,157.8500,155.1600,156.7400
2017-12-13,156.7300,153.8900,153.9100
2017-12-14,155.1100,153.7000,154.0000
2017-12-15,153.8000,152.0300,152.5000
2017-12-18,154.1800,153.2100,153.3300
2017-12-19,154.1700,153.0900,153.2300
2017-12-20,153.8900,152.7800,152.9500
2017-12-21,153.4600,151.4900,151.5000
2017-12-22,153.0000,151.5000,152.5000
2017-12-26,153.8600,152.5000,152.8300
2017-12-27,153.1800,152.6100,153.1300
2017-12-28,154.1200,153.2000,154.0400
2017-12-29,154.7200,153.4200,153.4200
2018-01-02,154.8100,153.5400,154.2500
2018-01-03,159.8100,156.3300,158.4900
2018-01-04,162.3200,159.3700,161.7000
2018-01-05,162.9000,161.1000,162.4900
2018-01-08,163.9100,161.7000,163.4700
2018-01-09,164.5300,163.0600,163.8300
2018-01-10,164.3300,162.5000,164.1800
2018-01-11,164.9400,163.3000,164.2000
2018-01-12,164.7400,163.0300,163.1400
2018-01-16,165.2900,163.3500,163.8500
2018-01-17,169.1300,167.2600,168.6500
2018-01-18,171.1300,168.1500,169.1200
2018-01-19,165.4000,161.3000,162.3700
2018-01-22,163.9800,161.1100,162.6000
2018-01-23,166.2600,162.5100,166.2500
2018-01-24,168.7200,164.8200,165.3700
2018-01-25,166.7800,165.1900,165.4700
2018-01-26,167.4100,165.7900,167.3400
2018-01-29,168.3900,166.0100,166.8000
2018-01-30,166.7700,163.1600,163.6200
2018-01-31,164.9900,162.7600,163.7000
2018-02-01,164.1300,161.9000,162.4000
2018-02-02,162.0000,158.8700,159.0300
2018-02-05,158.5000,150.0000,152.5300
2018-02-06,155.4900,149.1100,155.3400
2018-02-07,155.3400,153.2800,153.8500
2018-02-08,153.1600,147.5000,147.5900
2018-02-09,150.5400,144.4000,149.5100
2018-02-12,152.4000,150.3000,151.4000
2018-02-13,151.1800,149.6400,150.7500
2018-02-14,155.0000,150.0000,154.7600
2018-02-15,156.8600,153.7000,156.0100
2018-02-16,157.7900,155.6900,156.1800
2018-02-20,155.9600,153.8700,155.1600
2018-02-21,156.7900,153.9000,153.9600
2018-02-22,155.0400,152.7900,153.1800
2018-02-23,155.8500,154.0700,155.5200
2018-02-26,158.8800,155.5100,158.5800
2018-02-27,159.7800,156.5300,156.5500
2018-02-28,158.1400,155.8000,155.8300
2018-03-01,156.9700,152.7900,153.8100
2018-03-02,154.7600,151.8800,154.4900
2018-03-05,157.4900,153.7500,156.9500
2018-03-06,157.8900,155.1600,155.7200
2018-03-07,158.8300,154.7300,158.3200
2018-03-08,159.5700,155.0700,156.2100
2018-03-09,159.5800,157.3000,159.3100
2018-03-12,161.0200,158.8700,160.2600
2018-03-13,162.1100,158.8100,159.3200
2018-03-14,160.6800,157.7400,158.1200
2018-03-15,161.2500,158.5200,159.6100
2018-03-16,161.9800,159.6400,160.2600
2018-03-19,159.8900,156.4500,157.3500
2018-03-20,157.9300,155.2900,156.2000
2018-03-21,158.2000,155.9200,156.6900
2018-03-22,155.2500,152.0000,152.0900
2018-03-23,152.5800,148.5400,148.8900
2018-03-26,153.6600,150.2800,153.3700
2018-03-27,154.8700,151.1600,151.9100
2018-03-28,153.8600,151.8900,152.5200
2018-03-29,153.8900,151.0800,153.4300
2018-04-02,153.3800,148.4300,150.0700
2018-04-03,151.0000,148.3000,149.8500
2018-04-04,154.4700,147.4500,154.1200
2018-04-05,154.9200,153.3400,154.0300
2018-04-06,153.9500,149.5400,150.5700
2018-04-09,154.6600,151.7400,152.6900
2018-04-10,156.6000,154.7500,155.3900
2018-04-11,155.7800,153.8800,155.3600
2018-04-12,158.9800,156.6700,158.0700
2018-04-13,159.2200,155.9100,156.7100
2018-04-16,159.1400,157.6700,157.8900
2018-04-17,162.0000,158.5100,160.9100
2018-04-18,152.6300,148.2600,148.7900
2018-04-19,149.2100,146.6200,147.7000
2018-04-20,147.9700,144.5100,144.9000
2018-04-23,145.9600,144.3300,145.8600
2018-04-24,147.3000,144.5300,145.5600
2018-04-25,146.4000,144.1100,145.9400
2018-04-26,147.3600,146.2000,146.7200
2018-04-27,147.2500,145.6600,146.4800
2018-04-30,147.3800,144.9600,144.9600
2018-05-01,145.0200,143.4700,145.0000
2018-05-02,144.8200,142.0700,142.4500
2018-05-03,142.2300,139.9000,141.9900
2018-05-04,144.3500,140.2800,143.9100
2018-05-07,144.3200,142.6400,143.2200
2018-05-08,143.5100,142.0600,143.0000
2018-05-09,143.0200,141.2800,142.6100
2018-05-10,144.3300,143.0100,144.2400
2018-05-11,144.8500,143.5800,144.1400
2018-05-14,145.1200,144.1400,144.3000
2018-05-15,143.9900,142.9200,143.7400
2018-05-16,145.0300,143.2700,144.6300
2018-05-17,145.1900,143.7700,144.5000
2018-05-18,144.9400,143.9900,144.0800
2018-05-21,146.0400,144.6800,145.4900
2018-05-22,146.2000,145.0000,145.0900
2018-05-23,144.7000,143.4800,144.6700
2018-05-24,144.4800,142.9500,144.0700
2018-05-25,144.5700,143.4600,143.6400
2018-05-29,142.8900,140.2100,141.2200
2018-05-30,143.1000,141.8200,142.6200
2018-05-31,142.8100,141.0500,141.3100
2018-06-01,142.8400,141.6200,141.9500
2018-06-04,143.1700,142.1800,143.0400
2018-06-05,144.0800,143.0400,143.7000
2018-06-06,144.7200,143.5400,144.7100
2018-06-07,146.7000,144.9300,145.3600
2018-06-08,146.4300,144.3700,146.1400
2018-06-11,147.4100,146.1400,146.5800
2018-06-12,147.5200,146.6200,146.8700
2018-06-13,147.4700,146.2000,146.3500
2018-06-14,146.9800,145.0900,145.2000
2018-06-15,145.4700,143.7000,145.3900
2018-06-18,144.5200,143.1400,144.4800
2018-06-19,144.2200,142.9500,143.9000
2018-06-20,144.5200,142.4100,142.6300
2018-06-21,143.1400,140.8300,141.2500
2018-06-22,141.8100,140.7800,141.2800
2018-06-25,140.4000,138.2800,138.7900
2018-06-26,139.8500,138.3300,139.0800
2018-06-27,139.7800,137.4500,137.4800
2018-06-28,140.5400,137.9500,140.0400
2018-06-29,141.3600,139.6100,139.7000
2018-07-02,140.2200,138.2000,139.8600
2018-07-03,140.9400,139.3700,139.5700
2018-07-05,141.4300,139.9300,141.4300
2018-07-06,142.9400,141.1700,142.4800
2018-07-09,144.7200,142.4700,144.3900
2018-07-10,145.5900,144.2600,144.7100
2018-07-11,146.1900,144.0000,144.9400
2018-07-12,146.8300,145.7400,146.4500
2018-07-13,146.9800,145.8000,145.9000
2018-07-16,145.7900,144.2100,145.4600
2018-07-17,145.0000,143.3400,143.4900
2018-07-18,144.8000,142.7400,144.5200
2018-07-19,150.5400,147.2500,149.2400
2018-07-20,148.8600,146.2600,146.3500
2018-07-23,146.7000,145.0100,145.7000
2018-07-24,147.0400,145.9200,146.3800
2018-07-25,146.6500,145.5000,146.6200
2018-07-26,149.2700,146.6300,146.7100
2018-07-27,147.1400,144.6600,145.1500
2018-07-30,146.2400,144.6900,145.4900
2018-07-31,145.8000,144.1600,144.9300
2018-08-01,145.1900,143.3400,143.5000
2018-08-02,143.3600,142.3300,142.9600
2018-08-03,147.9200,143.0000,147.7000
2018-08-06,147.2000,145.5700,146.0300
2018-08-07,147.6400,146.3500,147.0100
2018-08-08,147.4300,146.2400,146.8900
2018-08-09,145.9400,144.7300,144.7700
2018-08-10,145.0700,143.8800,144.4800
2018-08-13,144.3000,142.5300,142.7100
2018-08-14,143.8200,142.9300,143.3600
2018-08-15,144.0000,142.0000,143.9100
2018-08-16,145.6800,144.3700,145.3400
2018-08-17,146.3900,144.6900,146.0600
2018-08-20,147.1600,146.1500,146.5100
2018-08-21,147.1200,145.8900,145.9700
2018-08-22,146.1600,145.1900,145.2400
2018-08-23,145.5200,144.7500,145.3700
2018-08-24,146.0900,144.8700,146.0400
2018-08-27,147.6200,146.5200,146.6900
2018-08-28,146.9900,146.1900,146.5900
2018-08-29,147.9300,146.6000,147.5400
2018-08-30,147.3000,145.2500,145.9300
2018-08-31,146.7800,145.5400,146.4800
2018-09-04,146.1900,144.8100,145.6800
2018-09-05,146.7500,145.0500,146.6600
2018-09-06,147.6600,145.5400,146.3900
2018-09-07,146.5000,145.1200,145.4500
2018-09-10,147.3000,145.5600,145.6500
2018-09-11,146.9900,145.2500,146.4900
2018-09-12,147.9800,146.0300,146.5700
2018-09-13,149.0000,147.1200,148.9500
2018-09-14,149.3000,147.7800,148.3300
2018-09-17,149.0700,147.7700,147.9400
2018-09-18,148.9900,147.4700,148.5600
2018-09-19,149.9600,148.2300,149.0600
2018-09-20,151.3800,149.4400,151.1500
2018-09-21,152.6000,150.7400,151.3500
2018-09-24,151.2000,149.4600,150.0300
2018-09-25,150.4100,148.3600,148.9100
2018-09-26,153.3500,151.3400,151.6100
2018-09-27,152.3900,151.1600,151.5000
2018-09-28,151.6300,150.7900,151.2100
2018-10-01,153.4200,151.7100,153.0000
2018-10-02,153.8400,152.5000,153.7500
2018-10-03,154.3600,152.8000,153.2200
2018-10-04,152.8000,150.3600,151.3100
2018-10-05,151.7900,147.8700,149.0300
2018-10-08,149.0700,147.1800,148.3900
2018-10-09,148.3600,146.9300,147.2400
2018-10-10,147.6900,142.5000,142.6900
2018-10-11,144.1900,138.7800,139.0200
2018-10-12,141.5400,139.0800,140.8500
2018-10-15,142.2600,140.1400,141.1300
2018-10-16,145.4500,141.5800,145.1200
2018-10-17,137.1500,133.4200,134.0500
2018-10-18,133.4000,130.0400,130.5500
2018-10-19,131.8900,127.9600,129.1000
2018-10-22,130.4400,128.4000,130.0200
2018-10-23,131.9000,128.4100,131.2100
2018-10-24,131.6900,127.0000,127.2100
2018-10-25,127.7900,125.1400,126.4500
2018-10-26,125.7800,123.7100,124.7900
2018-10-29,123.9500,118.3000,119.6400
2018-10-30,121.5000,115.1500,115.4000
2018-10-31,116.5000,114.0900,115.4300
2018-11-01,117.0000,115.1100,116.8300
2018-11-02,117.7500,114.5400,115.6700
2018-11-05,120.7700,116.0000,120.0600
2018-11-06,123.8100,120.3100,123.1200
2018-11-07,125.0600,122.3300,124.8400
2018-11-08,124.4000,122.6300,123.3800
2018-11-09,124.5700,121.9600,123.5400
2018-11-12,123.5700,120.6500,120.9000
2018-11-13,122.2500,119.9000,120.8400
2018-11-14,121.9300,119.7700,120.2000
2018-11-15,121.4400,119.5100,121.4400
2018-11-16,121.8500,120.5400,121.5700
2018-11-19,122.1800,119.7700,120.3100
2018-11-20,119.4900,116.7000,117.2000
2018-11-21,119.5100,117.3900,118.5700
2018-11-23,118.3382,116.9100,117.1900
2018-11-26,120.2500,118.0600,119.5600
2018-11-27,120.0400,118.3700,120.0300
2018-11-28,123.0900,120.2200,123.0000
2018-11-29,123.1200,121.4000,121.4800
2018-11-30,124.6900,121.4800,124.2700
2018-12-03,126.5900,124.3600,125.3100
2018-12-04,124.9200,121.3300,121.6000
2018-12-06,123.9100,119.3010,123.9100
2018-12-07,124.0500,118.8700,119.3400
2018-12-10,121.6800,118.5200,121.1300
2018-12-11,123.8100,120.0000,120.8900
2018-12-12,122.8800,121.0000,121.1600
2018-12-13,121.7900,120.1700,120.7300
2018-12-14,121.1100,119.4400,119.9000
2018-12-17,119.7800,115.0700,116.1000
2018-12-18,118.2300,116.0200,116.6500
2018-12-19,120.2700,115.9700,116.4300
2018-12-20,116.4500,111.7000,113.0200
2018-12-21,115.2800,110.4400,110.9400
2018-12-24,111.0000,107.5000,107.5700
2018-12-26,111.3900,105.9400,111.3900
2018-12-27,113.7800,109.4700,113.7800
2018-12-28,114.8000,112.5000,113.0300
2018-12-31,114.3500,112.4201,113.6700
2019-01-02,115.9800,111.6900,115.2100
2019-01-03,114.8800,112.6900,112.9100
2019-01-04,117.4900,114.4400,117.3200
2019-01-07,118.8300,116.6700,118.1500
2019-01-08,120.5700,118.9800,119.8300
2019-01-09,121.4000,119.8700,120.6900
2019-01-10,121.8600,119.9500,121.7900
2019-01-11,121.6200,120.2000,121.4600
2019-01-14,120.6500,119.7600,120.3900
2019-01-15,121.9300,120.8200,121.7300
2019-01-16,122.0000,120.8300,121.6200
2019-01-17,122.4100,120.5500,122.1900
2019-01-18,124.7200,122.7100,123.8200
2019-01-22,123.8000,121.5400,122.5200
2019-01-23,135.0000,130.3100,132.8900
2019-01-24,133.2100,131.4300,132.5300
2019-01-25,134.4400,132.4300,133.9700
2019-01-28,134.8100,132.5800,134.2700
2019-01-29,135.4100,133.6000,134.3300
2019-01-30,135.0300,133.2500,134.3800
2019-01-31,134.7200,133.7400,134.4200
2019-02-01,135.2000,133.3500,134.1000
2019-02-04,135.2000,132.9900,135.1900
2019-02-05,135.8200,134.9200,135.5500
2019-02-06,136.6500,135.1700,136.3200
2019-02-07,134.4700,132.1200,133.1900
2019-02-08,133.7100,132.1900,133.7100
2019-02-11,135.1500,133.9100,133.9900
2019-02-12,136.2000,134.8600,136.0500
2019-02-13,137.9200,136.4100,137.5200
2019-02-14,137.6000,136.2100,136.4800
2019-02-15,138.1900,137.3900,138.0300
2019-02-19,138.7000,137.3600,138.7000
2019-02-20,139.2400,137.2200,138.0000
2019-02-21,138.3500,137.3500,137.8400
2019-02-22,139.3800,138.4300,139.2500
2019-02-25,140.4700,139.3200,139.4600
2019-02-26,140.4900,139.4700,139.7200
2019-02-27,139.5700,138.4000,139.1700
2019-02-28,139.0600,137.7200,138.1300
2019-03-01,140.0400,138.6400,139.2000
2019-03-04,140.0800,137.1700,138.4300
2019-03-05,138.7400,137.5600,137.8800
2019-03-06,138.3900,136.7200,136.9800
2019-03-07,136.8900,134.6300,135.3600
2019-03-08,135.2400,133.5800,135.0900
2019-03-11,137.7300,135.8400,137.7100
2019-03-12,139.7000,137.8600,138.2800
2019-03-13,139.3200,137.8500,138.5600
2019-03-14,138.9400,138.0600,138.7900
2019-03-15,140.3300,139.2300,139.4300
2019-03-18,140.3700,138.7200,140.2100
2019-03-19,141.7000,140.0000,140.4900
2019-03-20,140.7000,138.9800,139.6000
2019-03-21,142.1200,138.8800,141.4400
2019-03-22,141.4400,138.9000,139.4500
2019-03-25,139.9100,138.3500,139.1800
2019-03-26,141.0200,139.4200,140.2200
2019-03-27,140.4900,138.4000,139.2400
2019-03-28,140.4400,139.1000,139.9200
2019-03-29,141.2200,140.1500,141.1000
2019-04-01,143.4100,141.5100,143.3000
2019-04-02,143.9500,142.6000,143.0000
2019-04-03,144.2200,143.0100,143.6300
2019-04-04,144.1400,142.5400,142.7800
2019-04-05,143.5000,142.4600,143.2800
2019-04-08,143.4200,142.8700,143.3900
2019-04-09,142.9500,141.8400,142.1100
2019-04-10,143.5000,141.9800,143.0200
2019-04-11,144.1100,143.0300,143.7800
2019-04-12,144.4400,143.7000,144.3500
2019-04-15,144.4600,143.2700,143.9000
2019-04-16,145.3900,144.0200,145.1400
2019-04-17,141.9800,136.2600,139.1100
2019-04-18,140.4900,138.7000,140.3300
2019-04-22,140.5600,138.4800,138.8900
2019-04-23,140.9200,138.9400,140.4400
2019-04-24,141.3100,139.7800,139.9500
2019-04-25,139.7500,137.7100,138.6300
2019-04-26,139.8900,138.8100,139.4400
2019-04-29,139.6300,138.8100,139.0500
2019-04-30,140.4400,138.6800,140.2700
2019-05-01,141.8100,140.1700,140.5600
2019-05-02,141.2800,139.4100,139.5900
2019-05-03,141.0000,139.6300,140.2500
2019-05-06,140.6900,137.9000,140.3800
2019-05-07,139.5100,136.1900,137.6400
2019-05-08,138.7000,137.1300,138.0000
2019-05-09,135.5800,133.0300,135.3400
2019-05-10,135.7500,132.4200,135.3200
2019-05-13,133.5700,130.9600,131.4200
2019-05-14,134.3200,131.6800,133.3100
2019-05-15,134.5900,132.3700,134.4000
2019-05-16,136.1100,134.6400,135.8800
2019-05-17,135.4100,133.9400,134.3200
2019-05-20,135.4300,132.9300,135.1200
2019-05-21,137.0600,135.7900,136.4500
2019-05-22,136.7500,135.7100,136.3500
2019-05-23,135.1300,130.4400,132.3900
2019-05-24,134.2500,131.5900,132.2800
2019-05-28,132.6400,130.2700,130.4600
2019-05-29,130.2800,128.3200,129.6900
2019-05-30,129.9700,128.9300,129.5700
2019-05-31,128.4400,126.8500,126.9900
2019-06-03,128.5600,127.0600,128.2700
2019-06-04,132.7400,129.0900,132.6900
2019-06-05,133.6100,130.4700,131.4900
2019-06-06,132.6500,130.9000,132.2200
2019-06-07,134.7200,132.2100,133.3100
2019-06-10,135.3500,133.9100,134.7400
2019-06-11,136.4600,135.0500,135.9500
2019-06-12,135.9400,134.4100,134.8700
2019-06-13,136.2700,135.0900,135.7600
2019-06-14,135.8800,134.4300,135.1500
2019-06-17,136.0300,134.7000,134.9500
2019-06-18,137.1900,135.2000,136.3800
2019-06-19,138.3600,136.2400,137.0800
2019-06-20,139.5400,138.2000,138.8500
2019-06-21,139.5400,138.3900,139.2000
2019-06-24,140.1500,139.0500,139.3500
2019-06-25,139.5500,138.1300,138.3600
2019-06-26,139.6800,138.4100,138.5200
2019-06-27,139.3000,137.9500,138.5200
2019-06-28,139.1400,137.8400,137.9000
2019-07-01,141.4900,139.2800,139.8800
2019-07-02,140.4300,139.4700,140.2200
2019-07-03,141.8200,140.4300,141.5400
2019-07-05,141.4900,139.9100,141.3800
2019-07-08,141.2900,140.2700,140.5700
2019-07-09,140.9900,139.1300,139.3300
2019-07-10,141.9100,139.7900,140.4700
2019-07-11,141.5800,140.3000,141.2400
2019-07-12,142.9200,141.6600,142.7400
2019-07-15,143.5100,142.1200,143.3200
2019-07-16,144.0400,143.0200,143.5300
2019-07-17,143.8000,141.9500,143.0700
2019-07-18,150.3100,142.2000,149.6300
2019-07-19,151.5800,149.5500,149.6800
2019-07-22,151.9400,149.7000,149.7400
2019-07-23,150.7200,148.3800,150.3800
2019-07-24,151.4500,149.2000,150.0300
2019-07-25,150.6200,148.6100,150.3900
2019-07-26,151.4100,150.1000,151.3600
2019-07-29,151.4800,150.3200,150.8800
2019-07-30,150.4000,149.2200,149.7700
2019-07-31,150.1800,146.3900,148.2400
2019-08-01,152.8200,148.5000,150.3200
2019-08-02,152.9500,145.5900,147.2500
2019-08-05,145.1000,139.1500,140.7600
2019-08-06,142.4700,139.3100,140.7300
2019-08-07,139.5800,136.4100,139.1100
2019-08-08,140.4200,137.7600,140.1000
2019-08-09,139.3100,135.3500,136.1300
2019-08-12,135.8700,133.1800,134.1200
2019-08-13,136.5700,132.8100,135.7900
2019-08-14,134.1600,130.9800,131.2500
2019-08-15,132.3700,130.2500,131.9200
2019-08-16,134.5900,132.9500,133.7600
2019-08-19,136.3300,134.8800,135.0400
2019-08-20,135.2800,132.8100,133.0000
2019-08-21,135.9400,133.8000,134.2500
2019-08-22,135.6800,133.8100,134.3200
2019-08-23,134.2600,128.8300,129.5700
2019-08-26,131.3000,129.1600,129.9900
2019-08-27,131.7000,130.3100,131.1700
2019-08-28,132.8900,130.0400,132.7600
2019-08-29,135.6900,134.0400,134.8800
2019-08-30,136.0700,134.3600,135.5300
2019-09-03,134.9000,133.3300,134.1000
2019-09-04,136.4300,135.1500,136.3200
2019-09-05,141.7000,138.0500,140.9700
2019-09-06,141.5300,140.4600,140.5700
2019-09-09,143.0200,140.4600,142.6000
2019-09-10,145.4600,142.9600,145.0500
2019-09-11,145.1200,142.7100,143.6000
2019-09-12,144.0400,141.8800,143.6200
2019-09-13,144.6500,143.2600,143.6700
2019-09-16,143.6400,142.2700,142.4800
2019-09-17,142.4800,140.6600,142.2000
2019-09-18,142.3000,140.5100,142.2200
2019-09-19,145.0300,142.4500,142.9700
2019-09-20,143.8300,141.8200,141.8800
2019-09-23,142.2200,140.5600,142.0700
2019-09-24,142.8900,141.0700,141.6800
2019-09-25,143.6300,140.8600,143.1600
2019-09-26,143.8800,141.4100,143.5500
2019-09-27,145.0900,142.3800,143.2400
2019-09-30,146.5700,143.7300,145.4200
2019-10-01,147.3500,143.5400,143.6600
2019-10-02,142.2700,140.5700,141.6900
2019-10-03,142.0700,139.1800,142.0200
2019-10-04,143.0600,141.0300,142.9900
2019-10-07,142.7000,141.2200,141.2800
2019-10-08,140.4700,138.2500,138.3800
2019-10-09,140.3300,138.7900,139.6700
2019-10-10,141.7800,139.5600,141.1300
2019-10-11,144.5000,142.6100,142.7600
2019-10-14,142.4300,141.3200,142.0400
2019-10-15,143.7200,141.8100,143.0000
2019-10-16,142.9500,141.3900,142.1100
2019-10-17,136.0000,132.9100,134.2600
2019-10-18,134.4900,132.2500,134.0900
2019-10-21,133.1000,130.9000,132.5800
2019-10-22,134.0500,131.6100,133.9600
2019-10-23,134.5700,132.7000,134.3800
2019-10-24,135.0700,133.3000,134.0700
2019-10-25,135.9300,134.1000,135.4400
2019-10-28,136.6300,135.4500,135.9700
2019-10-29,135.5700,133.4400,133.8200
2019-10-30,135.2800,133.2000,135.2500
2019-10-31,135.2500,133.2300,133.7300
2019-11-01,135.5600,134.0900,135.5300
2019-11-04,137.7400,136.2300,137.6700
2019-11-05,138.7600,137.6300,137.8900
2019-11-06,138.7800,137.5500,138.7800
2019-11-07,139.1400,137.5800,137.6900
2019-11-08,137.6100,136.1600,137.6100
2019-11-11,137.2000,135.0000,135.4700
2019-11-12,136.6600,135.0200,135.5900
2019-11-13,135.5800,133.8500,134.4800
2019-11-14,134.3300,133.3300,134.0000
2019-11-15,135.1200,134.0300,134.4000
2019-11-18,134.4800,133.2300,134.3100
2019-11-19,135.3800,134.4600,134.5200
2019-11-20,134.4600,132.7500,133.2000
2019-11-21,134.1700,132.9800,133.8400
2019-11-22,134.6500,133.5900,134.3400
2019-11-25,136.0000,134.3500,135.9700
2019-11-26,136.1500,134.7700,135.0900
2019-11-27,135.7100,133.6200,133.7700
2019-11-29,134.5200,133.0300,134.4500
2019-12-02,134.5000,132.4800,132.9100
2019-12-03,132.4400,130.6900,132.1200
2019-12-04,133.6800,131.9600,131.9900
2019-12-05,133.2400,131.6300,131.9100
2019-12-06,133.8900,132.7000,133.2200
2019-12-09,134.5900,133.2600,133.9200
2019-12-10,134.8400,133.5600,133.9100
2019-12-11,134.5100,133.6700,133.7600
2019-12-12,135.6600,133.6600,135.3200
2019-12-13,135.5000,134.0100,134.2100
2019-12-16,135.4500,133.8500,134.1300
2019-12-17,134.6900,133.4600,134.2200
2019-12-18,135.0000,134.1500,134.4100
2019-12-19,134.7300,134.1900,134.5600
2019-12-20,136.4200,134.9500,135.5900
2019-12-23,136.1500,135.0000,135.5500
2019-12-24,135.6200,134.6100,134.9800
2019-12-26,135.3100,134.6500,134.9100
2019-12-27,135.7500,134.8700,135.2700
2019-12-30,135.3000,132.5000,132.8100
2019-12-31,134.1200,132.4000,134.0400
2020-01-02,135.9200,134.7700,135.4200
2020-01-03,134.8600,133.5600,134.3400
2020-01-06,134.2400,133.2000,134.1000
2020-01-07,134.9600,133.4000,134.1900
2020-01-08,135.8600,133.9200,135.3100
2020-01-09,136.7900,135.3100,136.7400
2020-01-10,137.8700,136.3100,136.6900
2020-01-13,136.6400,135.0700,136.6000
2020-01-14,137.1400,135.5500,135.8200
2020-01-15,138.0600,135.7100,136.6200
2020-01-16,138.1900,137.0100,137.9800
2020-01-17,138.3300,136.1600,138.3100
2020-01-21,139.3500,137.6000,139.1700
2020-01-22,145.7900,142.5500,143.8900
2020-01-23,144.4100,142.1500,142.8700
2020-01-24,143.9200,140.4600,140.5600
2020-01-27,140.0700,138.1000,138.6200
2020-01-28,140.4700,138.7500,139.5500
2020-01-29,139.5800,137.6000,137.6900
2020-01-30,136.9700,134.9700,136.7700
2020-01-31,144.0500,140.7900,143.7300
2020-02-03,147.2800,143.9000,146.2700
2020-02-04,149.3800,146.8800,149.1100
2020-02-05,157.4400,150.1500,156.3300
2020-02-06,158.7500,155.4200,156.7600
2020-02-07,155.5400,152.9200,153.4100
2020-02-10,154.4400,151.5800,154.4300
2020-02-11,155.2200,152.7300,153.4800
2020-02-12,155.6000,153.5200,155.3100
2020-02-13,154.8300,153.4100,154.3100
2020-02-14,154.5600,149.7700,150.7000
2020-02-18,151.3800,149.6400,151.1000
2020-02-19,151.8900,150.3100,150.8600
2020-02-20,151.6200,149.5100,151.2200
2020-02-21,151.0400,148.8400,149.8400
2020-02-24,148.0500,145.3800,146.4300
2020-02-25,147.0700,141.2600,141.7100
2020-02-26,144.0600,139.6000,139.7500
2020-02-27,138.6900,133.0100,133.1100
2020-02-28,131.0900,126.3600,130.1500
2020-03-02,134.4400,127.9500,134.3000
2020-03-03,136.1000,127.8000,128.9000
2020-03-04,134.2800,129.0000,134.2200
2020-03-05,132.2900,128.4500,129.5500
2020-03-06,128.3300,124.5200,127.7300
2020-03-09,122.4100,117.2800,117.8100
2020-03-10,124.8800,115.7600,124.7700
2020-03-11,122.5800,116.3800,117.9700
2020-03-12,109.8000,102.2800,102.8100
2020-03-13,109.1600,100.8100,107.9500
2020-03-16,107.4100,95.0000,99.0800
2020-03-17,107.4000,97.1000,106.6500
2020-03-18,106.9300,99.4000,103.5500
2020-03-19,103.6900,98.2400,100.3400
2020-03-20,100.9900,94.7100,95.3900
2020-03-23,97.7400,90.5600,94.7700
2020-03-24,106.0400,99.2600,105.4800
2020-03-25,112.4800,102.8300,105.8500
2020-03-26,113.1500,105.5700,112.8900
2020-03-27,111.5000,107.6500,108.0300
2020-03-30,113.4600,107.8100,112.9300
2020-03-31,113.8100,110.1700,110.9300
2020-04-01,109.9200,104.5200,105.1400
2020-04-02,110.3200,105.1400,110.0000
2020-04-03,110.0700,104.9200,106.3400
2020-04-06,115.6300,110.1300,114.8200
2020-04-07,119.5700,114.8700,114.9400
2020-04-08,119.9600,115.0700,119.2900
2020-04-09,122.9200,120.1700,121.5000
2020-04-13,121.8000,118.0400,121.1500
2020-04-14,125.1800,122.6200,123.9100
2020-04-15,120.1900,116.7600,118.6900
2020-04-16,119.7500,114.4200,115.7300
2020-04-17,120.3900,117.9200,120.1200
2020-04-20,122.8600,118.1400,120.4100
2020-04-21,117.1500,112.0600,116.7600
2020-04-22,120.3300,117.5500,119.3100
2020-04-23,123.0300,119.1200,121.3500
2020-04-24,125.0000,120.7600,124.7200
2020-04-27,126.9900,125.4700,125.9200
2020-04-28,128.2000,125.3800,126.2700
2020-04-29,129.3100,127.5300,128.6900
2020-04-30,127.2700,125.2200,125.5600
2020-05-01,123.4700,121.3900,121.8700
2020-05-04,121.9700,119.3900,121.6800
2020-05-05,124.3200,122.4700,122.5800
2020-05-06,124.0500,122.4100,123.1700
2020-05-07,123.2600,120.8500,121.2300
2020-05-08,123.2300,121.0600,122.9900
2020-05-11,123.4500,120.6700,122.5900
2020-05-12,124.3200,120.2600,120.2600
2020-05-13,119.9900,114.8500,115.7300
2020-05-14,117.0900,111.8100,116.9500
2020-05-15,117.3900,115.2500,116.9800
2020-05-18,122.3600,119.7500,121.5600
2020-05-19,122.1700,120.1400,120.2900
2020-05-20,122.4700,120.6000,121.3800
2020-05-21,121.7200,118.9700,119.1200
2020-05-22,119.4700,117.5900,118.3900
2020-05-26,122.6200,121.0100,121.7600
2020-05-27,125.8300,123.4700,125.5400
2020-05-28,126.9700,124.2200,124.5300
2020-05-29,125.1300,122.2400,124.9000
2020-06-01,125.7500,124.0300,124.8900
2020-06-02,126.0000,124.6600,126.0000
2020-06-03,129.6000,127.0000,129.0500
2020-06-04,128.9500,127.0200,128.8900
2020-06-05,134.2300,131.7500,132.0600
2020-06-08,135.8800,132.2700,135.7500
2020-06-09,133.6000,131.0200,131.8700
2020-06-10,132.2300,129.8000,129.8700
2020-06-11,126.1000,117.8400,118.0100
2020-06-12,123.1200,119.2800,121.9100
2020-06-15,122.3700,118.2900,121.6500
2020-06-16,127.5000,123.1600,125.1500
2020-06-17,126.2500,123.4000,124.1500
2020-06-18,124.4000,122.3300,124.1600
2020-06-19,126.8200,122.2500,122.4700
2020-06-22,122.5000,120.5300,121.0700
2020-06-23,122.9000,119.2300,119.4100
2020-06-24,118.3200,115.8800,116.4200
2020-06-25,119.2100,116.1000,119.0300
2020-06-26,118.9900,116.2600,117.1900
2020-06-29,119.7800,117.3700,119.7500
2020-06-30,121.2000,119.0000,120.7700
2020-07-01,121.2300,118.3700,118.5400
2020-07-02,121.4200,119.2600,119.7000
2020-07-06,121.8500,119.4600,120.1900
2020-07-07,119.5100,117.3300,117.5800
2020-07-08,118.6400,116.4800,117.7100
2020-07-09,118.0000,115.2000,115.7100
2020-07-10,118.5700,115.2900,118.3500
2020-07-13,120.9900,118.6600,119.2000
2020-07-14,120.8900,117.9200,120.6000
2020-07-15,123.9600,122.1500,123.0000
2020-07-16,124.4800,122.1600,124.0100
2020-07-17,125.6300,123.2000,125.1100
2020-07-20,127.0700,125.1400,126.3700
2020-07-21,132.1700,125.8000,126.0600
2020-07-22,129.4700,125.8000,128.6700
2020-07-23,129.3700,127.1500,127.3300
2020-07-24,127.6459,125.5000,125.7900
2020-07-27,126.3200,124.7100,126.2100
2020-07-28,126.3400,124.1500,124.4700
2020-07-29,125.9900,124.0700,125.3200
2020-07-30,123.9046,121.6400,122.9000
2020-07-31,122.9900,121.0900,122.9400
2020-08-03,124.4100,122.1500,124.3100
2020-08-04,125.8600,123.8200,125.8400
2020-08-05,126.7500,124.6100,125.4500
2020-08-06,126.2600,125.0000,126.1200
2020-08-07,125.0700,123.2100,124.9600
2020-08-10,127.2400,125.1849,127.1100
2020-08-11,130.4700,126.6100,126.7500
2020-08-12,127.7900,125.8760,126.7000
2020-08-13,126.3900,124.7700,125.0300
2020-08-14,125.5600,123.9100,125.2700
2020-08-17,125.5900,124.4100,124.4400
2020-08-18,125.5000,124.2400,124.9200
2020-08-19,125.5000,123.5000,123.8400
2020-08-20,124.0400,122.8100,123.1500
2020-08-21,123.4842,122.3100,123.1600
2020-08-24,126.0600,123.3600,125.6800
2020-08-25,126.8200,124.4900,124.6400
2020-08-26,125.1200,123.9500,124.1700
2020-08-27,125.1000,123.9800,124.6500
2020-08-28,125.3000,124.2187,125.0700
2020-08-31,125.2500,123.0300,123.3100
2020-09-01,123.9500,122.1500,123.4000
2020-09-02,128.7000,123.5750,128.1800
2020-09-03,129.9500,123.6500,124.4500
2020-09-04,125.3500,121.2400,122.3000
2020-09-08,122.8700,120.7100,121.2100
2020-09-09,123.7000,121.2900,122.2600
2020-09-10,123.5764,120.2400,120.5600
2020-09-11,122.7000,120.7300,121.4600
2020-09-14,123.3800,121.7600,122.0900
2020-09-15,123.4000,122.2400,122.4400
2020-09-16,125.8200,122.7100,124.2200
2020-09-17,125.5500,121.9700,124.9200
2020-09-18,124.9200,122.6500,122.7600
2020-09-21,120.7000,118.5800,120.2500
2020-09-22,121.4500,119.5300,120.5100
2020-09-23,121.5900,118.4300,118.8300
2020-09-24,119.5150,116.4800,118.0900
2020-09-25,119.4100,116.9400,118.9500
2020-09-28,122.3300,120.4100,121.7300
2020-09-29,122.1858,120.2100,120.9400
2020-09-30,122.9100,120.8000,121.6700
2020-10-01,123.3000,120.3550,121.0900
2020-10-02,121.7500,118.8200,120.5700
2020-10-05,122.7500,121.0500,122.0100
2020-10-06,124.8300,121.5900,121.9700
2020-10-07,124.3900,122.3200,124.0700
2020-10-08,135.5000,129.7700,131.4900
2020-10-09,132.0000,127.6000,127.7900
2020-10-12,128.2500,126.4400,127.2100
2020-10-13,127.1500,124.4600,125.1000
2020-10-14,126.9400,125.1300,125.9400
2020-10-15,125.2150,123.8500,124.8900
2020-10-16,126.4300,124.6550,125.9300
2020-10-19,127.3500,125.0800,125.5200
2020-10-20,120.1500,116.8400,117.3700
2020-10-21,117.6899,114.7900,115.0600
2020-10-22,116.0600,112.9800,115.7600
2020-10-23,116.6200,115.5300,116.0000
2020-10-26,114.9000,111.8400,112.2200
2020-10-27,112.2200,110.0300,110.5600
2020-10-28,109.7300,105.9200,106.6500
2020-10-29,109.6400,106.5500,108.9100
2020-10-30,111.8000,107.7500,111.6600
2020-11-02,113.8265,112.2500,112.9100
2020-11-03,115.6500,113.6300,114.1600
2020-11-04,113.9100,111.1600,111.9000
2020-11-05,115.2900,113.0100,114.7700
2020-11-06,115.1000,113.3900,114.0400
2020-11-09,119.7400,115.2700,115.5300
2020-11-10,118.1700,116.2500,117.9100
2020-11-11,118.3500,116.2200,117.2000
2020-11-12,116.3700,113.4800,114.5000
2020-11-13,117.3700,115.0100,116.8500
2020-11-16,118.5500,117.1200,118.3600
2020-11-17,118.5400,117.0700,117.7000
2020-11-18,118.8800,116.7500,116.7700
2020-11-19,117.4500,115.8900,117.1800
2020-11-20,118.0400,116.6900,116.9400
2020-11-23,120.5150,117.2700,120.0900
2020-11-24,124.7300,120.8050,124.4200
2020-11-25,124.3300,122.1100,124.2000
2020-11-27,125.3130,123.9100,124.3500
2020-11-30,125.0000,123.0900,123.5200
2020-12-01,125.8300,123.0800,123.1600
2020-12-02,124.6400,122.4100,124.6200
2020-12-03,124.8600,123.2900,123.6100
2020-12-04,127.3800,123.6400,127.2000
2020-12-07,126.9700,124.5700,124.7000
2020-12-08,126.3300,124.6400,125.7100
2020-12-09,127.6900,125.7000,126.7900
2020-12-10,126.9300,124.9400,124.9600
2020-12-11,125.5100,123.6100,124.2700
2020-12-14,126.2435,123.4700,123.5300
2020-12-15,125.9300,123.4400,125.9300
2020-12-16,126.5728,125.2860,125.5500
2020-12-17,126.0900,124.9100,125.5500
2020-12-18,126.4000,124.9700,125.8500
2020-12-21,124.1800,121.7200,123.3900
2020-12-22,124.2200,122.4100,123.6100
2020-12-23,125.2100,123.7400,123.9000
2020-12-24,125.1000,124.2100,124.6900
2020-12-28,126.6000,124.4600,124.8200
2020-12-29,125.4800,123.2400,123.8000
2020-12-30,124.8500,123.6300,124.3400
2020-12-31,126.0300,123.9900,125.8800
2021-01-04,125.9174,123.0400,123.9400
2021-01-05,126.6800,124.6100,126.1400
2021-01-06,131.8800,126.7200,129.2900
2021-01-07,130.4600,128.2600,128.9900
2021-01-08,129.3200,126.9800,128.5300
2021-01-11,129.6750,127.6600,128.5800
2021-01-12,129.8500,127.9400,129.2100
2021-01-13,129.7500,126.4550,126.9200
2021-01-14,130.1600,127.5500,128.9700
2021-01-15,129.2400,127.6700,128.3900
2021-01-19,129.5900,128.0885,129.0200
2021-01-20,131.0600,128.5600,130.0800
2021-01-21,132.2400,130.0500,131.6500
2021-01-22,120.7000,117.3600,118.6100
2021-01-25,119.5380,117.4500,118.5800
2021-01-26,122.5900,118.4200,122.4900
2021-01-27,124.7900,121.6214,122.4700
2021-01-28,123.2000,120.0700,120.0800
2021-01-29,121.3000,118.9000,119.1100
2021-02-01,120.9500,118.7300,120.5400
2021-02-02,121.0000,119.2800,119.4400
2021-02-03,119.8000,118.1200,119.1200
2021-02-04,121.1000,118.8700,121.0200
2021-02-05,121.8100,120.5200,121.7900
2021-02-08,123.9767,122.4000,123.6100
2021-02-09,122.5953,121.0500,122.1000
2021-02-10,123.4100,121.2138,122.2400
2021-02-11,122.2050,120.6300,120.9100
2021-02-12,121.3600,120.0900,120.8000
2021-02-16,120.6000,119.3600,120.0700
2021-02-17,120.5600,119.0200,119.9700
2021-02-18,120.9400,119.7000,120.7300
2021-02-19,120.7600,118.3800,118.9900
2021-02-22,121.1250,118.4400,120.8600
2021-02-23,121.3500,119.8000,120.7100
2021-02-24,123.4900,120.5200,123.2100
2021-02-25,124.3500,122.3350,122.4700
2021-02-26,122.2500,118.8800,118.9300
2021-03-01,122.3200,119.8649,120.7400
2021-03-02,121.9000,120.2600,120.3300
2021-03-03,122.6340,119.9800,122.3600
2021-03-04,123.2200,118.7550,120.1100
2021-03-05,123.7500,120.2500,122.8300
2021-03-08,126.8500,122.8800,124.8100
2021-03-09,126.4300,124.1600,124.1800
2021-03-10,128.2400,124.6100,127.8700
2021-03-11,128.6400,126.7800,127.1400
2021-03-12,127.6800,126.6100,127.6100
2021-03-15,128.7500,127.5401,128.5800
2021-03-16,128.5200,127.3400,128.2400
2021-03-17,129.4900,127.4900,129.0300
2021-03-18,130.9950,127.7900,130.0600
2021-03-19,130.4400,128.5300,128.9000
2021-03-22,130.7200,127.8900,130.5500
2021-03-23,131.5600,129.8000,130.4600
2021-03-24,132.1100,130.5700,130.6200
2021-03-25,133.2400,129.7700,133.0700
2021-03-26,136.4800,133.1200,136.3800
2021-03-29,137.0700,135.5100,135.8600
2021-03-30,136.2700,134.0200,134.7200
2021-03-31,134.7100,132.7100,133.2600
2021-04-01,133.9300,132.2700,133.2300
2021-04-05,136.6900,133.4000,135.9300
2021-04-06,135.6400,134.0900,134.2200
2021-04-07,134.9400,133.7800,134.9300
2021-04-08,135.6299,134.1600,135.1200
2021-04-09,135.7400,134.7100,135.7300
2021-04-12,135.3700,133.8500,134.5900
2021-04-13,133.6200,130.3800,131.1800
2021-04-14,132.7800,130.5200,132.6300
2021-04-15,133.8700,132.2200,132.5800
2021-04-16,134.1000,132.9500,133.5900
2021-04-19,133.8150,132.5800,133.1200
2021-04-20,139.7700,136.7000,138.1600
2021-04-21,143.7300,137.7100,143.5500
2021-04-22,144.7400,141.0000,141.2800
2021-04-23,143.6100,140.9500,142.4300
2021-04-26,143.6300,141.4800,141.5700
2021-04-27,142.5600,140.7500,142.0100
2021-04-28,143.4000,142.1000,143.0000
2021-04-29,148.7400,142.9800,144.2400
2021-04-30,143.8300,140.5500,141.8800
2021-05-03,145.7500,143.5500,144.7500
2021-05-04,146.5900,144.3300,145.7500
2021-05-05,145.9400,144.9700,145.2200
2021-05-06,148.5150,145.1800,148.4200
2021-05-07,146.1400,144.5700,145.4600
2021-05-10,148.3800,145.8000,146.1700
2021-05-11,145.1900,142.9000,144.2200
2021-05-12,144.1500,141.1400,141.3000
2021-05-13,144.9000,141.2800,144.1700
2021-05-14,145.6900,143.9600,144.6800
2021-05-17,145.8000,144.3300,145.1100
2021-05-18,145.3000,143.2300,143.9100
2021-05-19,143.2000,140.9200,143.1900
2021-05-20,144.9100,142.1600,143.8800
2021-05-21,145.6990,144.2800,144.7400
2021-05-24,145.3900,144.1800,144.7200
2021-05-25,145.0000,143.2000,143.7900
2021-05-26,143.9894,143.0400,143.3800
2021-05-27,144.7700,143.6300,143.8200
2021-05-28,144.3300,143.4850,143.7400
2021-06-01,145.8300,143.7500,144.1900
2021-06-02,145.7500,144.1100,145.7200
2021-06-03,145.8800,144.0400,145.5500
2021-06-04,147.5500,145.7600,147.4200
2021-06-07,148.7400,147.1700,148.0200
2021-06-08,150.2000,148.1200,149.0700
2021-06-09,151.0700,148.8200,150.6700
2021-06-10,152.8400,149.7600,150.5400
2021-06-11,151.8450,150.3700,151.2800
2021-06-14,151.0300,148.6550,150.0300
2021-06-15,149.9100,148.6000,149.3600
2021-06-16,149.7600,147.2200,147.8300
2021-06-17,148.0600,145.2800,145.6000
2021-06-18,144.6800,143.0400,143.1200
2021-06-21,147.0700,144.0600,146.6500
2021-06-22,146.8100,145.3500,146.3600
2021-06-23,146.5000,144.5700,144.6100
2021-06-24,146.1900,144.6900,145.4400
2021-06-25,146.9300,144.9450,146.8400
2021-06-28,147.3000,144.9121,145.2900
2021-06-29,146.7400,145.1000,145.5500
2021-06-30,146.9300,144.7100,146.5900
2021-07-01,147.5000,146.5700,146.8400
2021-07-02,146.9500,139.4600,140.0200
2021-07-06,140.4200,137.1000,138.7800
2021-07-07,140.3300,138.7600,139.8200
2021-07-08,141.3100,137.6600,140.7400
2021-07-09,141.9800,140.8410,141.5200
2021-07-12,141.9599,140.1150,140.9200
2021-07-13,140.9200,139.6300,140.2800
2021-07-14,140.7500,138.9273,139.8200
2021-07-15,140.4600,138.8005,140.4500
2021-07-16,141.0000,138.5900,138.9000
2021-07-19,138.4900,136.2089,137.9200
2021-07-20,144.9200,138.7000,139.9700
2021-07-21,141.3900,139.6500,141.3000
2021-07-22,141.8100,140.4100,140.7100
2021-07-23,141.7000,140.3300,141.3400
2021-07-26,143.0000,141.1300,142.7700
2021-07-27,143.6400,141.6000,142.7500
2021-07-28,143.1000,141.6400,141.7700
2021-07-29,142.9600,141.6000,141.9300
2021-07-30,141.8500,140.7900,140.9600
2021-08-02,143.0600,141.0300,141.4200
2021-08-03,144.7000,141.6500,144.0700
2021-08-04,144.1800,142.4700,142.7600
2021-08-05,143.4100,142.2200,142.7700
2021-08-06,144.3900,142.8900,144.0900
2021-08-09,142.4950,140.9700,141.2500
2021-08-10,141.8110,140.3400,141.3800
2021-08-11,142.7685,141.5000,142.1300
2021-08-12,143.1500,142.0766,143.0700
2021-08-13,143.5800,142.4400,143.1800
2021-08-16,143.7400,142.2300,143.5900
2021-08-17,143.1600,141.0900,142.4200
2021-08-18,141.9150,139.3900,139.4700
2021-08-19,139.4500,137.2100,138.0200
2021-08-20,139.3800,137.2700,139.1100
2021-08-23,140.1500,138.8000,139.6200
2021-08-24,140.2300,139.3200,139.8400
2021-08-25,140.8000,139.4600,139.8600
2021-08-26,140.8000,138.7100,138.7800
2021-08-27,139.5850,138.4000,139.4100
2021-08-30,139.8800,138.8150,138.9700
2021-08-31,140.9400,138.9500,140.3400
2021-09-01,140.0699,139.1900,139.3000
2021-09-02,140.0500,139.0300,140.0100
2021-09-03,140.4700,139.3000,139.5800
2021-09-07,139.7900,137.7614,138.0600
2021-09-08,139.0900,137.6000,138.6700
2021-09-09,138.9600,137.5550,137.7400
2021-09-10,139.3699,137.0000,137.0200
2021-09-13,138.9900,137.5100,138.1500
2021-09-14,138.5700,135.3400,136.2200
2021-09-15,137.8000,135.6700,137.2000
2021-09-16,137.9500,135.7100,136.4300
2021-09-17,135.9199,135.0500,135.2300
2021-09-20,135.1800,132.7800,134.3100
2021-09-21,135.6500,132.9400,132.9700
2021-09-22,135.3700,133.4700,134.6300
2021-09-23,137.4200,135.0300,136.7300
2021-09-24,138.4800,136.7500,137.4900
2021-09-27,139.0650,137.4800,138.5600
2021-09-28,139.6880,137.2100,137.4700
2021-09-29,139.9300,136.4400,139.1800
2021-09-30,140.5700,138.5000,138.9300
2021-10-01,143.9700,140.3700,143.3200
2021-10-04,146.0000,142.3501,144.1100
2021-10-05,145.0000,142.6400,143.1500
2021-10-06,143.3700,140.8900,142.3600
2021-10-07,143.3950,141.5300,141.8100
2021-10-08,143.6500,141.0500,143.2200
2021-10-11,144.0800,142.4000,142.4300
2021-10-12,142.3000,140.3000,140.4700
2021-10-13,141.4100,139.6600,140.7600
2021-10-14,143.9200,141.0100,143.3900
2021-10-15,144.8500,142.7900,144.6100
2021-10-18,144.9400,141.7590,142.3200
2021-10-19,142.9400,140.5201,141.9800
2021-10-20,142.2000,140.7000,141.9000
2021-10-21,133.7200,128.1000,128.3300
2021-10-22,130.2500,126.6110,127.8800
2021-10-25,128.6500,126.9400,127.6400
2021-10-26,128.3000,126.7550,127.1300
2021-10-27,127.8800,125.0100,125.1700
2021-10-28,126.3100,124.6200,125.8400
2021-10-29,126.3200,124.9100,125.1000
2021-11-01,126.3100,123.8375,126.2800
2021-11-02,127.1700,124.9100,126.1800
2021-11-03,127.2900,125.6800,127.1300
2021-11-04,123.3400,119.9000,120.8500
2021-11-05,123.7700,121.4300,123.6100
2021-11-08,124.7800,123.5300,124.5400
2021-11-09,122.9000,120.2600,120.8500
2021-11-10,122.4300,119.9320,120.2200
2021-11-11,121.7894,120.0800,120.2700
2021-11-12,120.6400,118.7800,118.9600
2021-11-15,120.1600,118.3100,118.8700
2021-11-16,119.9000,118.4200,118.4600
2021-11-17,119.3300,117.7800,118.0600
2021-11-18,118.3600,116.3100,116.6600
2021-11-19,116.5600,115.2700,116.0500
2021-11-22,118.8100,115.1900,116.4700
2021-11-23,117.9400,116.0400,116.7900
2021-11-24,117.2700,116.0800,116.7300
2021-11-26,116.3350,114.5600,115.8100
2021-11-29,119.6100,117.5300,118.5000
2021-11-30,119.2399,116.4500,117.1000
2021-12-01,118.9300,116.8500,116.9200
2021-12-02,117.9800,116.5600,116.9000
2021-12-03,119.3600,117.3600,118.8400
2021-12-06,121.1500,119.4000,119.9100
2021-12-07,122.0800,120.0700,121.5800
2021-12-08,123.3800,121.5200,123.0200
2021-12-09,123.9500,121.7900,123.5700
2021-12-10,125.3300,123.3600,124.0900
2021-12-13,124.3554,120.7900,122.5800
2021-12-14,125.0300,122.3000,123.7600
2021-12-15,124.8150,122.1800,123.1100
2021-12-16,126.6399,123.4750,125.9300
2021-12-17,128.6400,125.2093,127.4000
2021-12-20,127.2000,124.7000,127.0600
2021-12-21,129.3356,127.6600,128.9700
2021-12-22,129.7900,127.6000,129.7500
2021-12-23,130.9600,129.5200,130.6300
2021-12-27,131.6500,129.9500,131.6200
2021-12-28,133.2200,131.5900,132.6300
2021-12-29,134.2100,132.3000,133.3500
2021-12-30,134.3700,133.3300,133.9100
2021-12-31,134.9900,133.6100,133.6600
2022-01-03,136.2950,133.6300,136.0400
2022-01-04,139.9500,135.9000,138.0200
2022-01-05,142.2000,137.8800,138.2200
2022-01-06,138.4099,132.5100,135.3400
2022-01-07,135.6618,133.5111,134.8300
2022-01-10,136.2000,133.3800,135.0300
2022-01-11,133.2500,127.9700,132.8700
2022-01-12,134.4700,131.3700,133.5900
2022-01-13,136.0500,133.5600,134.7600
2022-01-14,135.1400,133.3000,134.2100
2022-01-18,133.8900,131.7800,132.9400
2022-01-19,133.9000,131.5000,131.5800
2022-01-20,132.8800,130.5705,130.8200
2022-01-21,131.8700,129.2700,129.3500
2022-01-24,129.1500,124.1930,128.8200
2022-01-25,137.3361,128.3000,136.1000
2022-01-26,137.0700,133.1300,134.2600
2022-01-27,134.7500,132.0800,132.5200
2022-01-28,134.5300,131.7900,134.5000
2022-01-31,134.0900,132.3000,133.5700
2022-02-01,135.9600,132.5000,135.5300
2022-02-02,137.5550,135.2600,137.2500
2022-02-03,138.7600,135.8310,137.7800
2022-02-04,138.8200,136.2150,137.1500
2022-02-07,137.8223,136.2700,137.2400
2022-02-08,137.5200,135.7800,137.0200
2022-02-09,138.3500,136.8300,137.7900
2022-02-10,136.5600,133.1700,133.5200
2022-02-11,134.7099,132.3800,132.6900
2022-02-14,132.6500,129.0700,130.1500
2022-02-15,131.6800,129.6100,129.9400
2022-02-16,130.4400,128.2600,129.1800
2022-02-17,128.5000,124.8500,124.9700
2022-02-18,125.4400,123.6100,124.3500
2022-02-22,125.0000,122.6800,123.9200
2022-02-23,124.7000,121.8700,122.0700
2022-02-24,122.1000,118.8100,121.9700
2022-02-25,124.2625,121.4500,124.1800
2022-02-28,123.3851,121.0388,122.5100
2022-03-01,123.3900,120.7000,121.3500
2022-03-02,124.6400,121.8000,123.8600
2022-03-03,126.6650,124.2351,125.9300
2022-03-04,127.3500,124.2103,126.6200
2022-03-07,127.9050,125.6200,126.0700
2022-03-08,128.3450,124.8200,125.6800
2022-03-09,128.1000,125.9100,126.2200
2022-03-10,126.0300,123.1250,124.3500
2022-03-11,126.7700,123.9100,123.9600
2022-03-14,125.1600,122.6850,123.9400
2022-03-15,125.9398,123.2200,125.6400
2022-03-16,127.2842,124.7100,127.0400
2022-03-17,128.2900,126.5300,127.9600
2022-03-18,128.9300,126.3700,128.7600
2022-03-21,129.7400,127.4000,128.1000
2022-03-22,129.3000,127.8500,129.0600
2022-03-23,129.3200,128.2500,128.3000
2022-03-24,129.3700,127.8000,129.2500
2022-03-25,131.4000,129.3100,131.3500
2022-03-28,131.5000,129.6000,131.4700
2022-03-29,132.8400,130.4300,131.9400
2022-03-30,133.0800,131.3900,132.1300
2022-03-31,131.8800,130.0000,130.0200
2022-04-01,130.2700,128.0600,130.1500
2022-04-04,130.4500,128.9300,130.2700
2022-04-05,131.2300,128.6600,128.8900
2022-04-06,129.5150,127.2500,129.3900
2022-04-07,129.2499,126.7300,128.5500
2022-04-08,128.7800,127.2700,127.7300
2022-04-11,128.1750,126.1800,126.3700
2022-04-12,127.3400,125.5835,125.9800
2022-04-13,126.6700,124.9100,126.1400
2022-04-14,130.5800,126.3800,126.5600
2022-04-18,127.3899,125.5300,126.1700
2022-04-19,129.4000,126.0000,129.1500
2022-04-20,139.5600,133.3800,138.3200
2022-04-21,141.8800,137.3500,139.8500
2022-04-22,140.4399,137.3500,138.2500
2022-04-25,139.6500,135.1900,139.1000
2022-04-26,139.8700,136.1700,136.1900
2022-04-27,137.1200,134.6300,135.0600
2022-04-28,136.9900,134.8100,135.7400
2022-04-29,135.5545,132.0000,132.2100
2022-05-02,133.7700,130.8900,133.0400
2022-05-03,133.6000,131.9900,132.5200
2022-05-04,137.8700,132.1400,137.4000
2022-05-05,137.2600,134.7600,135.9200
2022-05-06,137.9900,135.4700,137.6700
2022-05-09,136.3450,133.3150,134.4400
2022-05-10,135.4100,128.4300,129.1300
2022-05-11,132.9600,129.8600,130.7500
2022-05-12,133.6200,130.4100,132.9000
2022-05-13,133.8000,131.0500,133.6000
2022-05-16,136.5100,132.4100,135.0300
2022-05-17,138.3700,135.6400,138.3700
2022-05-18,137.6150,132.1700,132.9400
2022-05-19,132.3200,128.7100,129.6600
2022-05-20,130.3700,125.8000,128.4800
2022-05-23,131.9500,129.4200,131.1700
2022-05-24,134.3700,130.4200,133.8000
2022-05-25,134.8200,132.8600,134.3900
2022-05-26,137.5500,134.5200,136.8900
2022-05-27,139.7394,137.2400,139.2700
2022-05-31,139.8300,136.8100,138.8400
2022-06-01,140.4699,138.5200,139.4300
2022-06-02,140.2900,136.8500,140.1500
2022-06-03,142.5794,139.7400,141.1800
2022-06-06,144.7300,142.0000,142.8800
2022-06-07,142.9800,140.9600,142.7800
2022-06-08,142.8000,140.1500,140.8300
2022-06-09,141.0400,137.9300,137.9600
2022-06-10,137.8000,135.2500,136.1900
2022-06-13,137.5700,133.7600,135.1100
2022-06-14,136.9501,134.8600,135.7200
2022-06-15,138.4500,135.5800,137.0600
2022-06-16,136.2400,134.3900,135.6700
2022-06-17,136.9800,132.8500,135.0200
2022-06-21,138.5000,135.9000,137.8500
2022-06-22,138.1800,136.0300,137.0800
2022-06-23,138.6200,136.5000,138.4400
2022-06-24,142.3700,139.1300,142.0600
2022-06-27,143.8300,141.9500,142.8000
2022-06-28,144.1550,141.3200,141.8600
2022-06-29,143.5213,139.5000,140.7100
2022-06-30,142.4600,139.2800,141.1900
2022-07-01,141.6700,139.2600,141.1200
2022-07-05,139.9700,135.2700,137.6200
2022-07-06,139.1400,137.1300,138.0800
2022-07-07,141.3250,138.8300,140.8300
2022-07-08,141.3203,139.8200,140.4700
2022-07-11,141.8700,140.1300,141.0000
2022-07-12,141.5500,138.5650,139.1800
2022-07-13,138.9000,136.8000,137.1800
2022-07-14,139.4300,135.0200,139.0600
2022-07-15,140.6800,138.6100,139.9200
2022-07-18,140.3100,137.7844,138.1300
2022-07-19,132.5600,127.7200,130.8800
2022-07-20,130.7200,128.0600,129.1800
2022-07-21,128.8100,125.1300,127.1500
2022-07-22,128.3200,125.7100,128.2500
2022-07-25,129.1257,127.9000,128.5400
2022-07-26,129.3000,127.6300,128.0800
2022-07-27,129.4300,127.5800,129.1200
2022-07-28,129.8100,128.6060,129.2200
2022-07-29,131.0000,129.3100,130.7900
2022-08-01,132.7000,130.7000,132.0400
2022-08-02,132.7800,130.5100,131.8100
2022-08-03,132.8620,131.3200,132.3400
2022-08-04,132.2866,131.0200,131.6400
2022-08-05,132.6700,131.0700,132.4800
2022-08-08,133.3500,132.0200,132.6100
2022-08-09,130.7900,129.1200,129.4700
2022-08-10,131.7800,130.3400,131.5000
2022-08-11,133.2250,132.0000,132.5400
2022-08-12,134.0900,131.9800,134.0100
2022-08-15,135.1900,132.2400,134.9300
2022-08-16,137.3700,134.4517,136.5600
2022-08-17,138.4150,136.3000,137.7900
2022-08-18,139.1200,137.7500,139.0700
2022-08-19,139.3400,137.6600,138.3700
2022-08-22,137.8500,135.4700,135.5500
2022-08-23,136.1000,134.7200,134.7400
2022-08-24,135.1100,133.1100,133.2300
2022-08-25,134.4250,133.0700,133.9800
2022-08-26,134.1800,130.3400,130.3800
2022-08-29,131.4200,129.5700,130.3100
2022-08-30,130.7700,129.2900,129.5800
2022-08-31,130.0000,128.4000,128.4500
2022-09-01,129.8173,127.7400,129.6600
2022-09-02,130.5600,127.2400,127.7900
2022-09-06,128.0600,126.3000,126.7200
2022-09-07,127.8667,126.2800,127.7100
2022-09-08,128.5400,126.5900,128.4700
2022-09-09,129.4900,128.0600,129.1900
2022-09-12,130.9900,129.8900,130.6600
2022-09-13,129.9090,126.7709,127.2500
2022-09-14,129.0000,126.8450,127.6900
2022-09-15,127.4650,124.9000,125.4900
2022-09-16,127.5300,123.8300,127.2700
2022-09-19,128.0600,126.2800,127.7300
2022-09-20,126.9900,125.5200,126.3000
2022-09-21,127.8400,124.9200,124.9300
2022-09-22,126.5100,124.4100,125.3100
2022-09-23,125.0000,121.7400,122.7100
2022-09-26,124.2600,121.7500,122.0100
2022-09-27,123.9500,121.0800,121.7400
2022-09-28,123.2300,119.8100,122.7600
2022-09-29,122.6200,120.5700,121.6300
2022-09-30,122.4300,118.6100,118.8100
2022-10-03,122.2100,119.6000,121.5100
2022-10-04,125.6500,122.5200,125.5000
2022-10-05,126.4600,124.2300,125.7400
2022-10-06,125.3000,121.7700,122.2300
2022-10-07,121.8016,118.0700,118.8200
2022-10-10,119.9600,117.0400,117.7500
2022-10-11,119.2300,116.9400,117.8000
2022-10-12,118.8100,117.2000,117.5700
2022-10-13,122.1500,115.5450,121.7900
2022-10-14,122.5400,119.8400,120.0400
2022-10-17,122.8750,121.4300,121.5200
2022-10-18,123.9400,121.8200,122.9400
2022-10-19,123.9400,121.9875,122.5100
2022-10-20,128.9600,125.1500,128.3000
2022-10-21,130.8450,127.5900,129.9000
2022-10-24,133.1100,129.8500,132.6900
2022-10-25,133.3000,131.3000,132.9300
2022-10-26,135.8630,132.8100,135.0100
2022-10-27,136.4000,134.4450,134.7700
2022-10-28,138.8615,135.2200,138.5100
2022-10-31,138.7699,136.5950,138.2900
2022-11-01,138.6500,136.7000,138.2000
2022-11-02,140.1700,136.8000,136.8300
2022-11-03,136.4800,133.9700,134.4700
2022-11-04,137.7300,134.9400,136.9600
2022-11-07,138.7000,136.5100,138.3400
2022-11-08,140.9300,138.7200,140.0400
2022-11-09,138.9000,136.9400,137.3900
2022-11-10,141.3700,138.2900,141.2300
2022-11-11,144.1300,140.9600,143.1700
2022-11-14,146.0800,142.1800,144.2000
2022-11-15,146.1609,142.0000,144.3400
2022-11-16,144.9500,144.0081,144.5200
2022-11-17,146.1800,143.2500,146.0900
2022-11-18,148.3100,145.9400,147.6400
2022-11-21,147.9280,146.4500,146.6800
2022-11-22,149.3500,147.0200,149.1000
2022-11-23,150.4600,148.3000,148.7500
2022-11-25,149.4900,148.1010,148.3700
2022-11-28,148.2400,145.9350,146.1800
2022-11-29,147.1668,145.7000,146.4900
2022-11-30,149.6400,145.6700,148.9000
2022-12-01,150.0100,147.3400,149.1600
2022-12-02,149.1600,147.7300,148.6700
2022-12-05,148.9300,146.8000,147.4100
2022-12-06,147.8000,146.7000,147.5000
2022-12-07,148.1050,146.2900,147.2700
2022-12-08,149.1530,147.3650,147.7800
2022-12-09,148.3400,146.9700,147.0500
2022-12-12,149.2100,146.9426,149.2100
2022-12-13,153.2100,149.9500,150.5700
2022-12-14,151.9100,148.4500,149.8600
2022-12-15,148.9800,141.5800,142.3600
2022-12-16,141.9150,138.9700,140.1600
2022-12-19,140.4400,137.1950,138.8700
2022-12-20,141.4250,138.3400,141.2800
2022-12-21,143.0900,140.9750,142.1400
2022-12-22,141.4400,138.6200,140.8800
2022-12-23,141.8565,139.6000,141.6500
2022-12-27,142.7200,141.2300,142.4200
2022-12-28,142.8100,139.9500,140.0200
2022-12-29,142.2600,140.4500,141.0600
2022-12-30,140.9000,139.4500,140.8900
2023-01-03,141.9000,140.4800,141.5500
2023-01-04,143.6150,141.3675,142.6000
2023-01-05,142.4980,140.0100,141.1100
2023-01-06,144.2500,141.5800,143.7000
2023-01-09,145.4700,143.4000,143.5500
2023-01-10,144.8500,142.9000,144.8000
2023-01-11,145.5300,143.4500,145.2600
2023-01-12,146.6600,144.5200,145.5500
2023-01-13,146.1000,144.0100,145.8900
2023-01-17,147.1800,145.0100,145.1900
2023-01-18,144.6780,140.2250,140.4100
2023-01-19,142.2300,139.7500,140.6200
2023-01-20,141.8600,140.5100,141.2000
2023-01-23,142.9850,141.0600,141.8600
2023-01-24,142.7500,140.0000,141.4900
2023-01-25,141.0300,139.3600,140.7600
2023-01-26,138.2700,132.9800,134.4500
2023-01-27,135.4880,133.7701,134.3900
2023-01-30,136.1100,133.9800,135.3000
2023-01-31,135.6500,133.7600,134.7300
2023-02-01,135.7900,132.8000,135.0900
2023-02-02,136.7200,134.8500,136.3900
2023-02-03,136.9500,135.5300,136.9400
2023-02-06,136.3200,134.9500,136.1800
2023-02-07,136.4000,134.4500,135.8400
2023-02-08,136.7400,135.1600,135.9800
2023-02-09,135.7300,133.3400,133.7500
2023-02-10,135.7700,133.5000,135.6000
2023-02-13,137.3900,135.8500,137.3500
2023-02-14,137.2400,135.0500,136.0100
2023-02-15,136.4450,135.0700,136.4000
2023-02-16,135.9672,134.5900,135.0000
2023-02-17,135.5800,133.8900,135.0200
2023-02-21,134.3850,131.6600,131.7100
2023-02-22,131.9900,130.2900,130.9700
2023-02-23,131.7000,128.8600,130.7900
2023-02-24,130.6700,129.2200,130.5700
2023-02-27,131.8700,130.1300,130.4900
2023-02-28,130.6100,129.1400,129.3000
2023-03-01,129.4726,127.7400,128.1900
2023-03-02,129.2200,127.7100,128.9300
2023-03-03,129.9050,128.7700,129.6400
2023-03-06,130.8600,129.5900,130.1900
2023-03-07,130.4200,128.1900,128.2500
2023-03-08,128.7400,127.5450,128.0500
2023-03-09,128.5300,125.9800,126.1600
2023-03-10,127.2900,125.1300,125.4500
2023-03-13,128.1900,124.8500,125.5800
2023-03-14,126.6400,123.2000,124.6500
2023-03-15,123.3500,121.7100,123.2800
2023-03-16,124.8200,121.9200,124.7000
2023-03-17,124.5200,122.9300,123.6900
2023-03-20,126.1600,124.1900,125.9400
2023-03-21,127.1500,125.6600,126.5700
2023-03-22,127.2150,124.0100,124.0500
2023-03-23,124.9300,122.6000,123.3700
2023-03-24,125.4000,122.8800,125.2900
2023-03-27,130.2550,126.4700,129.3100
2023-03-28,129.6600,128.8000,129.3400
2023-03-29,130.3500,129.1800,129.7100
2023-03-30,131.4800,129.1000,129.2200
2023-03-31,131.2300,129.4200,131.0900
2023-04-03,132.6100,130.7700,132.0600
2023-04-04,132.1499,130.8900,131.6000
2023-04-05,132.6100,131.3700,132.1400
2023-04-06,132.6000,130.3150,130.5000
2023-04-10,131.0800,129.2400,131.0300
2023-04-11,131.1050,130.1800,130.4200
2023-04-12,130.8857,128.1700,128.5400
2023-04-13,128.3900,126.0000,127.9000
2023-04-14,129.8400,127.3100,128.1400
2023-04-17,128.7200,126.8000,127.8200
2023-04-18,128.6800,127.3500,127.7800
2023-04-19,126.9800,125.3000,126.3200
2023-04-20,130.9800,125.8400,126.3600
2023-04-21,126.7000,125.2700,125.7300
2023-04-24,126.0500,124.5600,125.4000
2023-04-25,126.1900,124.7600,125.8900
2023-04-26,126.5450,125.1200,125.8500
2023-04-27,127.0200,125.4550,126.9700
2023-04-28,127.2500,125.6400,126.4100
2023-05-01,126.7500,126.0600,126.0900
2023-05-02,126.4500,123.2700,125.1600
2023-05-03,125.5700,123.2600,123.4500
2023-05-04,123.5200,121.7563,122.5700
2023-05-05,124.1000,122.8050,123.6500
2023-05-08,123.9200,122.5500,123.4000
2023-05-09,121.9700,120.6600,121.1700
2023-05-10,122.4900,121.1000,122.0200
2023-05-11,122.2400,120.5500,120.9000
2023-05-12,122.8600,121.1100,122.8400
2023-05-15,123.6881,122.3400,123.3600
2023-05-16,123.8600,122.4500,123.4600
2023-05-17,125.8500,123.4700,125.7100
2023-05-18,126.5100,125.1894,126.1500
2023-05-19,128.2900,126.5500,127.2600
2023-05-22,128.1900,127.1500,127.5000
2023-05-23,129.0900,127.1300,128.1800
2023-05-24,127.9000,125.4700,125.6800
2023-05-25,127.2300,125.0100,126.7600
2023-05-26,129.6600,126.8100,128.8900
2023-05-30,130.0699,128.2600,129.4800
2023-05-31,129.4400,127.4600,128.5900
2023-06-01,130.1450,127.7800,129.8200
2023-06-02,133.1200,130.1500,132.4200
2023-06-05,133.5800,132.2700,132.6400
2023-06-06,132.9400,131.8800,132.6900
2023-06-07,134.4400,132.1900,134.3800
2023-06-08,135.9800,134.0100,134.4100
2023-06-09,136.1000,134.1700,135.3000
2023-06-12,136.6200,135.8216,136.4200
2023-06-13,138.1700,136.0000,137.6000
2023-06-14,138.9300,136.9400,137.2000
2023-06-15,138.8000,137.1750,138.4000
2023-06-16,139.4690,137.4700,137.4800
2023-06-20,137.2300,135.8900,135.9600
2023-06-21,135.3900,133.2900,133.6900
2023-06-22,132.9600,130.6800,131.1700
2023-06-23,130.6200,129.1800,129.4300
2023-06-26,131.4100,129.3100,131.3400
2023-06-27,132.9500,130.8300,132.3400
2023-06-28,132.1700,130.9100,131.7600
2023-06-29,134.3500,131.6900,134.0600
2023-06-30,135.0300,133.4250,133.8100
2023-07-03,134.3500,132.8700,133.6700
2023-07-05,134.3100,132.5900,134.2400
2023-07-06,133.9000,131.5500,132.1600
2023-07-07,133.8550,131.7500,132.0800
2023-07-10,133.0500,131.6950,132.9000
2023-07-11,134.5600,133.2300,134.4400
2023-07-12,135.3300,132.5750,132.8400
2023-07-13,135.0700,133.3600,133.9200
2023-07-14,133.9200,132.9400,133.4000
2023-07-17,134.6100,133.1000,134.2400
2023-07-18,135.9500,134.2900,135.3600
2023-07-19,136.4500,135.1900,135.4800
2023-07-20,140.3200,136.5600,138.3800
2023-07-21,139.7799,137.7600,138.9400
2023-07-24,140.1200,138.7788,139.5400
2023-07-25,140.4300,139.0403,140.3300
2023-07-26,141.2500,139.8800,141.0700
2023-07-27,143.3800,141.9000,142.9700
2023-07-28,143.9500,142.8500,143.4500
2023-07-31,144.6050,143.5300,144.1800
2023-08-01,144.4800,142.1700,143.3300
2023-08-02,144.3000,142.3100,144.1700
2023-08-03,145.2200,143.3116,144.4500
2023-08-04,146.0900,143.9900,144.2400
2023-08-07,146.5000,144.9300,146.1800
2023-08-08,146.1500,144.1100,145.9100
2023-08-09,144.9400,142.3000,142.4900
2023-08-10,144.5800,142.6900,143.2500
2023-08-11,143.4500,142.2050,143.1200
2023-08-14,143.3650,141.8020,141.9100
2023-08-15,142.3100,141.2000,141.8700
2023-08-16,142.0900,140.5600,140.6400
2023-08-17,142.6600,140.6000,140.6600
2023-08-18,141.8300,139.7600,141.4100
2023-08-21,142.3900,141.1100,142.2800
2023-08-22,143.2250,141.3000,141.4900
2023-08-23,143.4750,141.5800,143.4100
2023-08-24,144.4700,143.2200,143.5500
2023-08-25,145.4700,143.5000,145.3500
2023-08-28,146.7400,145.2100,146.0200
2023-08-29,146.7300,145.6200,146.4500
2023-08-30,146.9200,145.7452,146.8600
2023-08-31,147.7275,146.5400,146.8300
2023-09-01,148.1000,146.9200,147.9400
2023-09-05,149.0000,147.5719,148.1300
2023-09-06,148.3300,147.1200,148.0600
2023-09-07,148.7800,147.4000,147.5200
2023-09-08,148.5900,147.2600,147.6800
2023-09-11,148.7800,147.5800,148.3800
2023-09-12,148.0000,145.8000,146.3000
2023-09-13,146.9800,145.9200,146.5500
2023-09-14,147.7300,146.4800,147.3500
2023-09-15,147.8500,145.5300,145.9900
2023-09-18,146.4800,145.0600,145.0900
2023-09-19,146.7200,144.6600,146.5200
2023-09-20,151.9299,148.1300,149.8300
2023-09-21,149.2500,147.3100,147.3800
2023-09-22,148.1000,146.8200,146.9100
2023-09-25,147.4300,146.2500,146.4800
2023-09-26,146.1700,143.0201,143.2400
2023-09-27,143.8200,141.7600,143.1700
2023-09-28,142.2820,140.2050,141.5800
2023-09-29,142.1300,139.6100,140.3000
2023-10-02,141.4500,139.8600,140.8000
2023-10-03,141.6400,140.0000,140.3900
2023-10-04,141.2004,139.9900,141.0700
2023-10-05,141.7000,140.1900,141.5200
2023-10-06,142.9400,140.1100,142.0300
2023-10-09,142.4000,140.6800,142.2000
2023-10-10,143.4150,141.7200,142.1100
2023-10-11,143.3400,142.1400,143.2300
2023-10-12,142.9300,140.9500,141.2400
2023-10-13,140.1200,138.2700,138.4600
2023-10-16,139.7800,138.5200,139.2100
2023-10-17,140.6200,136.3100,140.3200
2023-10-18,140.4300,139.5800,139.9700
2023-10-19,139.4050,137.9300,138.0100
2023-10-20,139.2700,137.1200,137.1600
2023-10-23,137.6800,135.8700,136.3800
2023-10-24,137.9800,136.0500,137.7900
2023-10-25,138.4900,136.3300,137.0800
2023-10-26,144.4100,141.5800,143.7600
2023-10-27,144.7000,141.7100,142.5200
2023-10-30,144.5000,142.5800,142.6300
2023-10-31,144.7600,142.5900,144.6400
2023-11-01,146.5100,144.4500,145.4000
2023-11-02,147.1000,144.8400,147.0100
2023-11-03,148.4450,147.2800,147.9000
2023-11-06,149.2250,147.8500,148.9700
2023-11-07,149.2800,148.0300,148.8300
2023-11-08,149.6800,147.5850,148.0300
2023-11-09,146.9900,145.2800,146.6200
2023-11-10,149.1700,146.8500,149.0200
2023-11-13,148.4900,147.3500,148.1000
2023-11-14,150.8063,149.0500,150.4100
2023-11-15,153.2200,150.4000,152.5800
2023-11-16,153.3500,152.1300,153.0600
2023-11-17,153.5000,152.4601,152.8900
2023-11-20,154.6800,152.3500,154.3500
2023-11-21,154.6600,153.5100,153.9100
2023-11-22,155.7050,154.1600,155.1300
2023-11-24,155.4000,153.9200,155.1800
2023-11-27,156.1350,154.7500,155.5700
2023-11-28,155.7450,154.8600,155.6500
2023-11-29,157.5100,156.0200,156.4100
2023-11-30,158.6000,156.8900,158.5600
2023-12-01,160.5900,158.0000,160.5500
2023-12-04,162.7900,160.2900,161.1000
2023-12-05,162.4700,160.7200,161.3900
2023-12-06,162.3550,160.0100,160.2800
2023-12-07,161.4650,159.9700,160.2200
2023-12-08,162.0400,160.0000,161.9600
2023-12-11,163.6500,161.9500,163.5100
2023-12-12,166.3400,162.9200,164.7100
2023-12-13,164.9653,162.7350,163.6200
2023-12-14,163.4990,160.1490,162.9100
2023-12-15,164.0900,162.0400,162.2300
2023-12-18,163.3300,161.5766,162.7400
2023-12-19,162.2800,161.3200,161.5600
2023-12-20,161.8000,160.0100,160.0500
2023-12-21,161.0800,159.5300,160.7800
2023-12-22,162.4100,161.0000,162.1400
2023-12-26,163.3100,162.0500,163.2100
2023-12-27,163.6400,162.6800,163.4600
2023-12-28,163.9600,163.4000,163.7500
2023-12-29,164.1800,162.8300,163.5500
2024-01-02,163.2900,160.4600,161.5000
2024-01-03,161.7300,160.0800,160.1000
2024-01-04,161.8100,160.1700,160.8600
2024-01-05,160.5500,158.6700,159.1600
2024-01-08,161.2160,157.8850,161.1400
2024-01-09,160.4837,159.5100,160.0800
2024-01-10,161.3400,159.7400,161.2300
2024-01-11,162.2300,160.2900,162.1600
2024-01-12,165.9800,162.3550,165.8000
2024-01-16,167.2500,165.3400,166.9600
2024-01-17,167.8200,165.4950,166.0800
2024-01-18,166.9900,165.0400,166.8400
2024-01-19,171.5791,169.1800,171.4800
2024-01-22,174.4500,172.4000,172.8300
2024-01-23,174.0200,172.4800,173.9400
2024-01-24,174.8600,172.9000,173.9300
2024-01-25,196.9000,184.8300,190.4300
2024-01-26,192.3896,186.1600,187.4200
2024-01-29,189.4600,186.0500,187.1400
2024-01-30,188.6500,186.7700,187.8700
2024-01-31,187.6500,183.1400,183.6600
2024-02-01,187.5100,182.7100,186.9000
2024-02-02,187.3900,185.6150,185.7900
2024-02-05,185.7800,183.2550,183.4200
2024-02-06,184.6800,183.0400,183.4100
2024-02-07,184.0200,182.6250,183.7400
2024-02-08,184.5500,181.4900,184.3600
2024-02-09,187.1800,183.8500,186.3400
2024-02-12,186.4800,184.0300,186.1600
2024-02-13,184.7700,182.3600,183.7000
2024-02-14,185.0000,182.2600,183.5700
2024-02-15,186.9800,183.6200,186.8700
2024-02-16,188.9500,185.9452,187.6400
2024-02-20,188.7700,183.0600,183.4400
2024-02-21,183.0300,178.7500,179.7000
2024-02-22,184.5500,181.9300,184.2100
2024-02-23,186.4550,184.5700,185.7200
2024-02-26,186.1250,184.0600,184.1300
2024-02-27,185.1300,182.6200,184.8700
2024-02-28,185.3700,183.5500,185.3000
2024-02-29,186.8495,184.6900,185.0300
2024-03-01,188.3800,185.1800,188.2000
2024-03-04,193.8980,187.6000,193.0600
2024-03-05,193.9400,190.5700,191.9500
2024-03-06,198.1300,192.9600,196.1600
2024-03-07,198.7300,196.1400,196.5400
2024-03-08,197.7700,194.3800,195.9500
2024-03-11,195.3800,190.8800,191.7300
2024-03-12,199.1800,192.1500,197.7800
2024-03-13,198.1000,195.3200,196.7000
2024-03-14,197.7480,192.1200,193.4300
2024-03-15,193.0573,190.7000,191.0700
2024-03-18,193.2300,190.3200,191.6900
2024-03-19,193.5800,190.2800,193.3400
2024-03-20,193.9800,191.3100,193.9600
2024-03-21,193.3700,190.0100,191.9000
2024-03-22,192.9850,190.5100,190.8400
2024-03-25,190.8200,188.7500,188.7900
2024-03-26,190.0000,188.5000,188.5000
2024-03-27,190.9600,188.6000,190.8000
2024-03-28,191.9299,190.3400,190.9600
2024-04-01,190.4600,188.5200,189.8300
2024-04-02,189.8000,187.6000,188.8800
2024-04-03,191.3500,188.4850,190.9000
2024-04-04,193.2800,187.3400,187.9400
2024-04-05,190.3200,188.0200,189.1400
2024-04-08,190.2400,188.9118,189.8200
2024-04-09,191.2500,186.6600,189.3100
2024-04-10,187.9150,185.5200,186.0400
2024-04-11,186.7950,184.5800,185.9000
2024-04-12,185.1699,181.6850,182.2700
2024-04-15,187.4800,180.8800,181.2500
2024-04-16,185.7100,182.8600,183.7500
2024-04-17,184.6700,181.7800,183.1000
2024-04-18,183.4600,180.1700,181.4700
2024-04-19,182.8000,180.5700,181.5800
2024-04-22,183.3150,180.4500,181.9000
2024-04-23,184.6800,179.0000,182.1900
2024-04-24,184.2900,181.4000,184.1000
2024-04-25,172.4500,165.6600,168.9100
2024-04-26,167.8700,165.7300,167.1300
2024-04-29,168.2200,166.2250,167.4300
2024-04-30,166.7600,165.2605,166.2000
2024-05-01,166.2700,164.3000,164.4300
2024-05-02,164.8800,162.6200,164.6900
2024-05-03,166.6100,164.9200,165.7100
2024-05-06,168.6700,166.3800,168.6100
2024-05-07,169.2900,167.9400,168.3800
2024-05-08,170.2600,167.9000,169.9000
2024-05-09,167.5500,165.8800,166.2700
2024-05-10,168.0700,166.3200,167.1500
2024-05-13,168.0600,166.7600,167.5600
2024-05-14,168.1300,166.4800,167.3600
2024-05-15,168.3500,167.3400,168.2600
2024-05-16,169.6300,167.7900,168.9700
2024-05-17,169.1100,167.3300,169.0300
2024-05-20,170.1600,168.3800,169.9200
2024-05-21,174.9700,169.9400,173.4700
2024-05-22,174.9900,172.7600,173.6900
2024-05-23,175.4600,170.4350,170.6700
2024-05-24,172.0100,170.2100,170.8900
2024-05-28,171.0850,168.6500,169.6600
2024-05-29,168.6300,166.2100,167.0500
2024-05-30,166.7300,164.2300,165.6300
2024-05-31,166.9700,163.8400,166.8500
2024-06-03,166.7800,163.5300,165.2800
2024-06-04,166.4000,163.8800,165.8100
2024-06-05,167.7900,165.7800,167.3800
2024-06-06,168.4400,166.8000,168.2000
2024-06-07,171.3050,168.0600,170.0100
2024-06-10,170.7600,168.8800,170.3800
2024-06-11,170.0000,166.8100,169.3200
2024-06-12,172.4700,168.1010,169.0000
2024-06-13,169.5900,168.3350,169.1200
2024-06-14,169.4700,167.2300,169.2100
2024-06-17,169.7200,167.5000,169.5000
2024-06-18,170.7500,168.3800,170.5500
2024-06-20,174.2800,171.2200,173.9200
2024-06-21,174.9600,171.4000,172.4600
2024-06-24,178.4599,174.1500,175.0100
2024-06-25,175.7526,171.4200,172.6000
2024-06-26,172.6800,170.4100,171.8700
2024-06-27,172.5000,170.4800,170.8500
2024-06-28,173.4600,170.5300,172.9500
2024-07-01,176.4600,173.3800,175.1000
2024-07-02,177.4850,174.3200,177.3000
2024-07-03,177.9800,175.1700,175.7300
2024-07-05,176.0900,173.9500,176.0200
2024-07-08,178.5900,176.0100,177.6400
2024-07-09,177.7000,175.5800,176.4800
2024-07-10,178.2200,174.4500,177.8400
2024-07-11,179.4400,176.6200,178.3100
2024-07-12,184.1600,178.5000,182.8300
2024-07-15,184.9000,182.6000,182.8800
2024-07-16,186.6000,184.5200,185.8100
2024-07-17,187.9400,185.0700,187.4500
2024-07-18,189.4700,185.1000,185.2200
2024-07-19,187.0000,181.9500,183.2500
2024-07-22,184.9700,182.8600,184.1500
2024-07-23,185.3800,183.0100,184.1000
2024-07-24,185.0714,183.1450,184.0200
2024-07-25,196.2600,185.3000,191.9800
2024-07-26,193.5700,189.6220,191.7500
2024-07-29,193.2900,189.1800,191.5000
2024-07-30,192.7700,189.0900,191.0400
2024-07-31,194.5499,189.9900,192.1400
2024-08-01,193.6350,188.2900,189.6600
2024-08-02,189.2600,185.7000,189.1200
2024-08-05,185.2550,181.8100,183.3100
2024-08-06,188.9000,183.6400,186.8000
2024-08-07,189.8700,186.7000,186.8000
2024-08-08,192.8800,187.0000,192.6100
2024-08-09,192.6300,189.0400,191.4500
2024-08-12,191.5761,189.0001,189.4800
2024-08-13,191.3100,189.2100,190.9900
2024-08-14,193.0900,190.7300,192.3200
2024-08-15,194.2500,193.2800,193.9500
2024-08-16,194.3500,192.8600,193.7800
2024-08-19,195.5250,193.7150,194.7300
2024-08-20,196.2100,193.7500,196.0300
2024-08-21,197.3300,194.1150,197.2100
2024-08-22,197.9200,195.5700,195.9600
2024-08-23,197.3800,194.3900,196.1000
2024-08-26,198.3450,195.9000,197.9800
2024-08-27,199.4000,196.9700,198.7300
2024-08-28,200.0000,197.4900,198.4600
2024-08-29,201.1200,198.2700,198.9000
2024-08-30,202.1700,198.7300,202.1300
2024-09-03,204.7200,200.2100,201.2800
2024-09-04,204.3600,200.5000,204.1100
2024-09-05,205.9500,200.9600,202.5900
2024-09-06,204.1000,199.3350,200.7400
2024-09-09,205.0500,201.4300,203.5300
2024-09-10,205.8300,202.8700,205.3200
2024-09-11,210.1200,203.0400,209.8900
2024-09-12,212.6500,208.2650,211.6100
2024-09-13,216.0900,212.1300,214.7900
2024-09-16,217.9000,215.5200,217.1600
2024-09-17,218.8400,213.0000,214.1300
2024-09-18,216.8600,213.5900,214.9400
2024-09-19,218.4800,210.3700,213.8900
2024-09-20,217.8500,213.7400,217.7000
2024-09-23,220.6200,217.2700,220.5000
2024-09-24,221.1900,218.1600,220.9700
2024-09-25,221.8500,220.1600,221.2300
2024-09-26,224.0000,221.3550,223.4300
2024-09-27,224.1500,220.7700,220.8400
2024-09-30,221.3200,219.0200,221.0800
2024-10-01,221.1000,215.9000,219.3500
2024-10-02,220.2000,215.7980,219.7300
2024-10-03,222.8300,219.2700,222.7200
2024-10-04,226.0800,223.2700,226.0000
2024-10-07,227.6700,225.0200,227.1200
2024-10-08,229.3450,227.0401,228.6200
2024-10-09,234.9500,228.5000,234.3000
2024-10-10,235.8300,231.8100,233.0200
2024-10-11,233.4400,230.4600,233.2600
2024-10-14,236.1200,233.1700,235.2600
2024-10-15,237.3700,232.7100,232.9600
2024-10-16,233.8800,231.1200,233.6700
2024-10-17,233.1450,230.6550,232.8800
2024-10-18,232.6499,230.1700,232.2000
2024-10-21,232.4200,230.2600,231.7500
2024-10-22,232.9700,230.6700,232.2500
2024-10-23,233.3400,230.2600,232.7500
2024-10-24,221.3200,216.1600,218.3900
2024-10-25,218.6500,214.3850,214.6700
2024-10-28,216.2500,212.7000,212.9100
2024-10-29,213.3400,209.8500,210.4300
2024-10-30,211.1200,204.2600,204.9000
2024-10-31,208.1300,203.5100,206.7200
2024-11-01,209.8400,207.4100,208.2500
2024-11-04,207.7000,205.8000,206.3200
2024-11-05,208.1150,205.5700,207.5700
2024-11-06,214.3300,210.3700,213.6000
2024-11-07,214.5199,211.9300,213.6900
2024-11-08,216.7000,212.7809,213.7200
2024-11-11,215.4100,213.4800,213.5700
2024-11-12,213.0300,209.0600,210.8600
2024-11-13,211.4100,209.0701,210.9200
2024-11-14,210.4999,206.3500,208.9900
2024-11-15,208.4900,204.0700,204.9900
2024-11-18,208.4150,205.3701,208.0900
2024-11-19,210.3300,206.1900,210.2500
2024-11-20,214.9600,209.7725,214.6000
2024-11-21,222.6300,215.2701,222.4000
2024-11-22,227.2000,220.8900,222.9700
2024-11-25,226.4200,222.6500,226.1300
2024-11-26,228.9800,225.5115,228.8300
2024-11-27,229.1900,224.2700,226.9200
2024-11-29,230.3600,227.1900,227.4100
2024-12-02,228.3800,225.5100,227.3900
2024-12-03,229.1100,226.6700,229.0000
2024-12-04,233.7400,229.3500,233.4900
2024-12-05,236.5200,233.4600,234.7500
2024-12-06,238.3800,234.2200,238.0400
2024-12-09,239.3500,228.9100,230.0000
2024-12-10,234.3900,227.8000,231.7200
2024-12-11,233.0000,229.1300,230.1200
2024-12-12,233.8900,230.3800,232.2600
2024-12-13,233.7750,230.2600,230.8200
2024-12-16,231.0300,226.8800,229.3300
2024-12-17,230.2000,227.6200,228.9700
2024-12-18,229.0350,220.0300,220.1700
2024-12-19,226.2000,222.9800,223.9200
2024-12-20,227.6847,221.6800,223.3600
2024-12-23,223.7400,221.0800,221.9300
2024-12-24,224.4446,221.5428,224.4100
2024-12-26,225.4000,222.5500,224.8900
2024-12-27,224.4200,221.4054,222.7800
2024-12-30,221.5942,217.6523,220.2500
2024-12-31,221.0493,218.4400,219.8300
2025-01-02,222.4900,217.6000,219.9400
2025-01-03,223.6600,220.5500,222.6500
2025-01-06,224.3500,220.7500,222.6700
2025-01-07,226.7110,222.8300,223.9600
2025-01-08,224.9000,220.8300,223.1800
2025-01-10,222.4300,216.8000,219.7500
2025-01-13,219.5900,214.7500,217.4000
2025-01-14,218.1250,214.6100,217.7500
2025-01-15,221.6761,218.0100,220.0300
2025-01-16,222.6800,217.3800,222.6600
2025-01-17,225.9550,223.6400,224.7900
2025-01-21,227.4500,222.8302,224.2600
2025-01-22,224.4000,220.3500,223.2600
2025-01-23,226.0400,223.1500,226.0400
2025-01-24,226.8104,223.8000,224.8000
2025-01-27,224.3000,219.8400,224.1300
2025-01-28,225.7700,221.7700,225.6600
2025-01-29,229.4700,223.7300,228.6300
2025-01-30,261.8000,247.0100,258.2700
2025-01-31,257.2350,251.8900,255.7000
2025-02-03,262.0600,251.8400,260.7300
2025-02-04,265.2500,258.1233,264.4600
2025-02-05,265.7200,261.1800,263.3000
2025-02-06,263.3800,252.7300,253.4400
2025-02-07,256.9300,252.0200,252.3400
2025-02-10,251.9500,246.8700,249.2700
2025-02-11,256.7500,250.5800,254.7000
2025-02-12,256.4000,252.0200,255.8100
2025-02-13,259.2800,254.4100,259.1900
2025-02-14,261.9400,257.9100,261.2800
2025-02-18,263.9650,259.8300,263.0700
2025-02-19,264.3600,260.0900,264.3200
2025-02-20,265.0900,262.1500,264.7400
2025-02-21,264.8300,261.1000,261.4800
2025-02-24,263.8450,259.5800,261.8700
2025-02-25,263.4800,256.7700,257.7500
2025-02-26,258.3250,254.4104,255.8400
2025-02-27,257.6300,253.0500,253.2300
2025-02-28,252.8099,246.5400,252.4400
2025-03-03,255.9900,248.2450,250.1900
2025-03-04,255.4800,248.1000,253.2100
2025-03-05,252.7400,247.0146,251.3500
2025-03-06,252.1000,246.8019,248.6900
2025-03-07,261.9600,245.1823,261.5400
2025-03-10,266.4500,254.7500,256.9000
2025-03-11,256.7000,245.8600,248.9500
2025-03-12,253.1273,245.5300,249.6300
2025-03-13,249.2700,243.0400,245.8000
2025-03-14,248.9499,241.6800,248.3500
2025-03-17,254.6300,249.0000,252.9700
2025-03-18,252.5700,245.1200,246.9500
2025-03-19,253.6600,246.6400,252.2900
2025-03-20,246.8000,237.2240,243.3200
2025-03-21,245.2050,238.5000,243.8700
2025-03-24,248.8200,245.9650,248.4500
2025-03-25,250.9000,248.2000,249.9000
2025-03-26,254.3200,249.5300,250.3400
2025-03-27,250.3000,245.7250,246.2100
2025-03-28,247.5700,242.0700,244.0000
2025-03-31,250.8900,242.4900,248.6600
2025-04-01,250.6200,243.4900,250.3400
2025-04-02,252.7900,247.2300,249.9800
2025-04-03,250.6100,242.5300,243.4900
2025-04-04,240.1600,226.8800,227.4800
2025-04-07,232.2900,214.5000,225.7800
2025-04-08,233.0500,217.2800,221.0300
2025-04-09,236.3000,215.1636,235.3100
2025-04-10,232.5700,222.0200,229.5500
2025-04-11,237.5800,227.5100,235.4800
2025-04-14,241.7700,236.7300,239.0600
2025-04-15,241.5300,238.2700,240.7000
2025-04-16,243.2999,235.8900,238.5700
2025-04-17,241.7750,237.4000,238.8100
2025-04-21,240.8050,232.9300,236.2200
2025-04-22,242.6400,238.0200,240.9000
2025-04-23,249.3400,243.6600,245.4800
2025-04-24,232.7800,224.4401,229.3300
2025-04-25,233.3600,226.3200,232.4100
2025-04-28,236.6300,232.0700,236.1600
2025-04-29,239.9800,236.1400,239.3900
2025-04-30,242.4700,234.3401,241.8200
2025-05-01,242.3700,237.9450,239.6600
2025-05-02,245.6900,241.3300,245.5500
2025-05-05,249.8000,243.6400,249.1800
2025-05-06,250.1900,246.1100,249.1200
2025-05-07,254.4700,248.8320,253.3700
2025-05-08,256.5200,253.2500,254.1400
2025-05-09,253.0000,247.6400,249.2000
2025-05-12,253.8100,244.6500,253.6900
2025-05-13,259.5800,252.8800,258.5900
2025-05-14,260.5500,256.2200,257.8200
2025-05-15,267.4300,258.6100,266.6800
2025-05-16,267.9800,264.5900,266.7600
2025-05-19,269.1350,265.0800,268.4100
2025-05-20,269.2800,265.6201,266.9500
2025-05-21,265.6499,260.4100,260.8700
2025-05-22,261.2711,257.9100,258.3700
2025-05-23,259.8696,255.7900,258.6300
2025-05-27,263.7869,259.6300,263.2300
2025-05-28,265.0000,259.9400,260.2400
2025-05-29,261.1300,256.7700,258.6900
2025-05-30,260.1200,257.1000,259.0600
2025-06-02,263.9760,257.2200,263.9000
2025-06-03,265.5600,262.5800,265.2000
2025-06-04,267.0000,264.7900,265.5200
2025-06-05,267.5100,265.1000,266.8600
2025-06-06,270.1700,267.5300,268.8700
2025-06-09,273.4700,266.7100,272.0800
2025-06-10,277.4700,272.5600,276.2400
2025-06-11,281.7500,275.1100,281.5200
2025-06-12,283.0600,279.8300,281.0300
2025-06-13,279.8400,275.8300,277.2200
2025-06-16,284.5000,278.6657,281.8300
2025-06-17,284.7899,281.0001,283.0500
2025-06-18,286.9100,282.9400,283.2100
2025-06-20,284.1200,277.2000,280.9700
2025-06-23,289.5800,280.2100,289.1800
2025-06-24,294.3399,288.4100,293.7900
2025-06-25,296.1600,289.5000,291.0600
2025-06-26,292.9100,290.1650,291.9300
2025-06-27,293.1200,288.5200,289.7000
2025-06-30,294.8100,290.0000,294.7800
2025-07-01,295.1081,290.0800,291.2000
2025-07-02,290.1900,286.9000,287.6500
2025-07-03,292.3200,287.9000,291.9700
2025-07-07,295.2199,290.3607,292.4700
2025-07-08,295.6100,289.4900,290.4200
2025-07-09,291.6000,288.6300,290.1400
2025-07-10,288.9000,282.2100,287.4300
2025-07-11,287.4300,282.9200,283.5900
2025-07-14,284.9250,281.7100,283.7900
2025-07-15,284.1550,280.7301,282.7000
2025-07-16,283.8700,279.8700,281.9200
2025-07-17,283.4566,280.9000,282.0000
2025-07-18,287.1600,282.2200,285.8700
2025-07-21,287.7300,284.3800,284.7100
2025-07-22,284.8800,281.2500,281.9600
2025-07-23,288.0800,281.4400,282.0100
2025-07-24,262.0486,252.7500,260.5100
2025-07-25,260.8000,256.3500,259.7200
2025-07-28,264.0000,259.6100,263.2100
2025-07-29,265.7999,261.0200,262.4100
2025-07-30,262.0000,258.9000,260.2600
2025-07-31,259.9900,252.2200,253.1500
2025-08-01,251.4791,245.6100,250.0500
2025-08-04,252.0800,248.1100,251.9800
2025-08-05,252.8000,248.9950,250.6700
2025-08-06,254.3200,249.2800,252.2800
2025-08-07,255.0000,248.8750,250.1600
2025-08-08,249.4800,241.6500,242.2700
2025-08-11,243.1500,234.7000,236.3000
2025-08-12,237.9600,233.3600,234.7700
2025-08-13,240.8411,236.2000,240.0700
2025-08-14,239.0000,235.6200,237.1100
2025-08-15,240.6200,236.7700,239.7200
2025-08-18,241.4200,239.1158,239.4500
2025-08-19,242.8300,239.4900,241.2800
2025-08-20,242.8800,240.3400,242.5500
2025-08-21,242.5000,238.6500,239.4000
2025-08-22,243.6800,240.2200,242.0900
2025-08-25,242.5650,239.4300,239.4300
2025-08-26,244.9800,240.3800,242.6300
2025-08-27,245.9600,242.0000,244.8400
2025-08-28,245.8800,243.3600,245.7300
2025-08-29,245.4599,241.7200,243.4900
2025-09-02,241.5500,238.2500,241.5000
2025-09-03,244.2500,239.4100,244.1000
2025-09-04,249.2800,242.8500,247.1800
2025-09-05,249.0300,245.4500,248.5300
2025-09-08,257.1500,247.0200,256.0900
2025-09-09,260.6600,254.8800,259.1100
2025-09-10,260.0800,254.5600,256.8800
2025-09-11,258.5450,255.6550,257.0100
2025-09-12,257.2500,252.4250,253.4400
2025-09-15,259.0500,254.0000,256.2400
2025-09-16,258.0000,254.4100,257.5200
2025-09-17,260.9644,257.0100,259.0800
2025-09-18,265.2300,256.8004,265.0000
2025-09-19,267.8700,263.6400,266.4000
2025-09-22,272.3100,266.0000,271.3700
2025-09-23,273.2962,269.2650,272.2400
2025-09-24,273.6499,267.3000,267.5300
2025-09-25,284.2300,271.1480,281.4400
2025-09-26,288.8500,280.1100,284.3100
2025-09-29,286.0000,279.6600,279.8000
2025-09-30,286.0250,280.5200,282.1600
2025-10-01,286.5900,280.1500,286.4900
2025-10-02,288.5400,282.7900,286.7200
2025-10-03,293.3200,287.3000,288.3700
2025-10-06,291.4500,287.8000,289.4200
2025-10-07,301.0425,293.2850,293.8700
2025-10-08,294.2000,286.4730,289.4600
2025-10-09,290.1300,283.3200,288.2300
2025-10-10,290.3850,277.5000,277.8200
2025-10-13,282.4399,274.6400,277.2200
2025-10-14,277.5300,272.5469,276.1500
2025-10-15,285.4500,277.0000,280.7500
2025-10-16,282.5600,275.6000,275.9700
2025-10-17,283.4000,275.3500,281.2800
2025-10-20,285.5000,280.9600,283.6500
2025-10-21,285.3100,281.6000,282.0500
2025-10-22,289.1700,281.3500,287.5100
2025-10-23,285.5791,263.5623,285.0000
2025-10-24,310.7500,282.2100,307.4600
2025-10-27,313.5000,302.8800,313.0900
2025-10-28,319.3500,311.4100,312.5700
2025-10-29,314.3300,307.5200,308.2100
2025-10-30,313.7500,305.0200,310.0600
2025-10-31,313.5000,301.6300,307.4100
2025-11-03,312.1411,304.2300,304.7300
2025-11-04,303.1700,296.0000,300.8500
2025-11-05,307.2000,299.7100,306.7700
2025-11-06,315.4400,301.0900,312.4200
2025-11-07,310.0000,302.6301,306.3800
2025-11-10,309.9400,304.2300,309.1300
2025-11-11,317.9100,308.4300,313.7200
2025-11-12,324.9000,314.5324,314.9800
2025-11-13,314.6000,303.6800,304.8600
2025-11-14,307.7200,297.5900,305.6900
2025-11-17,306.0000,296.5100,297.1700
2025-11-18,297.0000,289.9200,289.9500
2025-11-19,291.1099,288.0700,288.5300
2025-11-20,300.7100,290.1600,290.4000
2025-11-21,300.4800,291.8900,297.4400
2025-11-24,307.1800,297.5100,304.1200
2025-11-25,306.0000,297.0600,304.4800
2025-11-26,306.6000,301.6400,303.2100
2025-11-28,309.1800,303.6000,308.5800
2025-12-01,307.1200,302.8000,305.6700
2025-12-02,310.4675,301.5700,301.7800
2025-12-03,303.9700,298.9050,302.6200
2025-12-04,309.6100,302.5400,307.9900
2025-12-05,311.8300,307.1800,307.9400
2025-12-08,315.3454,307.9500,309.1800
2025-12-09,313.9700,308.7500,310.4800
2025-12-10,314.6900,306.6513,312.6700
2025-12-11,313.4400,308.4000,310.7400
2025-12-12,311.0500,303.3300,309.2400
2025-12-15,311.3629,306.3500,308.6600
2025-12-16,307.3800,300.4200,303.1800
2025-12-17,306.2500,303.0800,303.3200
2025-12-18,304.4500,295.7000,300.4500
2025-12-19,306.8600,299.1000,300.9800
2025-12-22,303.1800,298.3200,302.7900
2025-12-23,305.1300,300.6500,303.7800
2025-12-24,305.1500,302.3000,304.5600
2025-12-26,305.7500,303.6650,305.0900
2025-12-29,310.0000,303.7500,305.7400
2025-12-30,306.2350,302.0000,302.0500
2025-12-31,301.8500,295.8700,296.2100
2026-01-02,297.5699,289.0000,291.5000
2026-01-05,299.1900,294.2500,294.9700
2026-01-06,303.0400,294.4200,302.4700
2026-01-07,304.3100,296.3450,296.7300
2026-01-08,303.6700,295.0000,302.7200
2026-01-09,307.0000,302.0000,304.2200
2026-01-12,312.3300,299.9600,312.1800
2026-01-13,312.8100,301.8700,303.1600
2026-01-14,309.1900,301.5000,309.0300
2026-01-15,311.8800,297.0400,297.9500
2026-01-16,307.4500,300.7800,305.6700
2026-01-20,301.6000,290.1600,291.3500
2026-01-21,297.6700,292.5100,297.5400
2026-01-22,300.9300,293.5300,294.6700
2026-01-23,294.3350,289.7900,292.4400
2026-01-26,296.8150,293.1400,296.3300
2026-01-27,297.3300,293.2700,293.8600
2026-01-28,295.9500,291.2601,294.1600
2026-01-29,319.9000,303.4700,309.2400
2026-01-30,307.7830,299.7300,306.7000
2026-02-02,316.6400,306.4100,314.7300
2026-02-03,312.9750,283.8500,294.3100
2026-02-04,291.4100,278.9600,289.0500
2026-02-05,291.8100,285.1000,289.8900
2026-02-06,299.8900,290.6570,298.9300
2026-02-09,297.7200,291.4200,296.3400
2026-02-10,297.6100,290.3300,291.7600
2026-02-11,293.5000,272.3601,272.8100
2026-02-12,271.3000,257.2200,259.5200
2026-02-13,264.6600,256.6400,262.3800
2026-02-17,260.7000,254.6500,258.3100
2026-02-18,261.1100,256.2500,260.7900
2026-02-19,258.2800,253.5110,256.2800
2026-02-20,259.0400,253.8000,257.1600
2026-02-23,255.1900,220.7200,223.3500
2026-02-24,236.5937,223.6300,229.3200
2026-02-25,239.5500,231.2200,237.5400
2026-02-26,247.4899,238.9500,242.0100
2026-02-27,240.2100,234.5650,240.2100
2026-03-02,240.7800,233.7800,239.3700
2026-03-03,246.0900,234.2900,245.2800
2026-03-04,250.8500,244.9550,250.0600
2026-03-05,260.3800,249.0000,256.5500
2026-03-06,259.3999,252.2100,258.8500
2026-03-09,258.0800,251.5710,253.3300
2026-03-10,253.4400,246.5500,250.2000
2026-03-11,253.7150,247.2000,248.8700
2026-03-12,250.0450,245.6400,247.6800
2026-03-13,249.7200,244.7100,246.2800
2026-03-16,252.2000,246.1000,249.2500
2026-03-17,256.3900,250.0000,256.1100
2026-03-18,258.2800,250.1600,251.6000
2026-03-19,252.1900,248.2500,250.3700
2026-03-20,250.2800,241.7700,241.7700
2026-03-23,251.3500,244.7101,248.4400
2026-03-24,247.1100,238.0000,240.5900
2026-03-25,246.1900,238.0000,241.3900
2026-03-26,246.6742,239.8000,241.6700
2026-03-27,239.4400,233.7500,236.3400
2026-03-30,240.2100,236.1310,237.2500
2026-03-31,242.8500,236.3800,242.3900
2026-04-01,246.2618,240.1400,243.1400
2026-04-02,248.2103,241.4850,248.1600
2026-04-06,248.8999,244.7400,246.7400
2026-04-07,245.7600,241.1000,245.0700
2026-04-08,250.0000,240.8000,241.7400
2026-04-09,241.7400,233.7600,237.1800
2026-04-10,239.2674,230.5100,230.7600
2026-04-13,238.0700,231.7000,237.8200
2026-04-14,241.5375,238.1200,240.2700
2026-04-15,246.0600,240.9850,244.8000
2026-04-16,251.2200,246.1250,251.0000
2026-04-17,255.6500,251.0400,253.4700
2026-04-20,258.5000,252.5600,253.7100
2026-04-21,258.0900,251.8650,255.6800
2026-04-22,257.5400,247.2100,251.8600
2026-04-23,232.9100,221.7300,231.0800
2026-04-24,232.7999,225.0000,231.9800
2026-04-27,231.3200,227.1200,228.0500
2026-04-28,233.5550,228.4600,233.0400
2026-04-29,231.4800,226.8200,227.1000
2026-04-30,231.6000,224.9000,230.9800
2026-05-01,235.9500,231.7500,232.2000
2026-05-04,234.0900,228.6150,229.4800
2026-05-05,231.0000,227.1500,229.0300
2026-05-06,229.0000,224.3800,225.7400
2026-05-07,231.8200,227.4100,231.3100
2026-05-08,230.7050,224.8300,229.7600
2026-05-11,230.2300,222.5500,223.5500
2026-05-12,224.4300,219.2200,219.2200
2026-05-13,218.3100,212.3400,214.6400
2026-05-14,220.9600,215.0000,218.3700
2026-05-15,220.9100,217.6150,219.3000
2026-05-18,223.3300,217.7500,222.7500
2026-05-19,227.3500,221.9200,222.3300
2026-05-20,225.0000,216.7800,225.0000
2026-05-21,253.6300,230.9350,252.9700
2026-05-22,264.3800,253.3900,253.8400
2026-05-26,254.5500,245.4500,250.6900
2026-05-27,257.6200,250.4550,255.2000
2026-05-28,268.8900,257.0000,264.2200
2026-05-29,300.9999,273.3300,297.8000
2026-06-01,327.9800,308.0000,320.4200
2026-06-02,332.4600,310.1090,329.2300
2026-06-03,318.2950,302.5301,305.6300
2026-06-04,310.4400,300.1800,301.7700
2026-06-05,302.3000,281.0701,284.8400
2026-06-08,290.5000,279.4300,280.8200
2026-06-09,283.5900,271.2900,277.4900
2026-06-10,280.5100,271.3300,272.3600
2026-06-11,276.4799,266.5000,274.8500
2026-06-12,278.9400,267.6800,272.2400
2026-06-15,272.2500,264.8000,268.7100
2026-06-16,276.6200,268.6100,270.8100
2026-06-17,268.8700,261.8800,262.3500
2026-06-18,252.4700,243.6800,249.1000
2026-06-22,253.3100,243.8100,252.2200
2026-06-23,267.5300,255.2600,264.9400
2026-06-24,265.0700,256.1836,262.9600
2026-06-25,268.7559,256.0000,258.2700
2026-06-26,273.1350,258.2800,271.6300
2026-06-29,278.1500,269.0600,278.0000
2026-06-30,282.5694,271.1200,281.2100
2026-07-01,294.4900,278.9600,286.2500
2026-07-02,290.9300,282.2800,289.5200
2026-07-06,300.8199,287.6500,299.5200
2026-07-07,311.8000,300.4901,306.1300
2026-07-08,303.8200,295.5900,302.0500
2026-07-09,297.2838,284.4381,295.3000
2026-07-10,298.7700,287.5000,287.5600
2026-07-13,297.5000,289.1000,290.2300
2026-07-14,229.9200,213.2200,217.0700
2026-07-15,223.8130,211.0300,211.2000
2026-07-16,219.9500,204.4400,219.0500
2026-07-17,217.1699,210.2200,212.6700
2026-07-20,216.2762,208.8200,213.0000
2026-07-21,214.9700,209.1800,210.5000
2026-07-22,212.3417,204.7300,205.7700
2026-07-23,207.5500,199.1900,206.6500
2026-07-24,216.1000,206.8000,214.1900
2026-07-27,219.6300,215.2900,216.2800
2026-07-28,228.9800,215.1101,227.5500
2026-07-29,230.9700,223.9500,226.4400
2026-07-30,224.8600,220.2000,221.7400
2026-07-31,224.7600,216.5850,223.6500
2026-08-03,228.5500,224.8700,226.3100
2026-08-04,235.3100,223.3000,235.1500
2026-08-05,238.9627,233.4600,235.9200
2026-08-06,234.4700,228.4400,233.4300
2026-08-07,237.3150,232.7200,237.2800
2026-08-10,240.7350,234.1300,236.3100
2026-08-11,241.8000,235.4400,238.4200
2026-08-12,237.4600,231.6800,235.9800
2026-08-13,239.7100,233.6100,237.1400
2026-08-14,239.1500,233.7300,234.3200
2026-08-17,233.6500,227.4000,228.8500
2026-08-18,234.4499,229.4150,232.6700
2026-08-19,238.6150,230.5100,237.1600
2026-08-20,237.5000,233.0300,233.6900
